"DateTime","BC","PCNT"
"08/12/2014 09:07",66,0
"08/12/2014 09:08",44.7,0
"08/12/2014 09:09",45.7,0
"08/12/2014 09:10",47.6,34112
"08/12/2014 09:11",45.9,29291
"08/12/2014 09:12",48.3,30843
"08/12/2014 09:13",54.6,28477
"08/12/2014 09:14",50,24538
"08/12/2014 09:15",35.3,19416
"08/12/2014 09:16",31.7,19033
"08/12/2014 09:17",34,19609
"08/12/2014 09:18",36.2,20322
"08/12/2014 09:19",43,20382
"08/12/2014 09:20",13.8,9980
"08/12/2014 09:21",39.9,22946
"08/12/2014 09:22",53.7,23032
"08/12/2014 09:23",41.6,21639
"08/12/2014 09:24",40.3,20920
"08/12/2014 09:25",32.1,14528
"08/12/2014 09:26",24.8,13607
"08/12/2014 09:27",53.2,17891
"08/12/2014 09:28",69.9,19968
"08/12/2014 09:29",79,21909
"08/12/2014 09:30",85.5,19046
"08/12/2014 09:31",67.1,16758
"08/12/2014 09:32",65.8,16865
"08/12/2014 09:33",54.7,14242
"08/12/2014 09:34",23.6,11300
"08/12/2014 09:35",31.5,14243
"08/12/2014 09:36",44.6,17331
"08/12/2014 09:37",34.1,19282
"08/12/2014 09:38",46.1,23980
"08/12/2014 09:39",32.1,21144
"08/12/2014 09:40",30.1,20671
"08/12/2014 09:41",39,19794
"08/12/2014 09:42",30.1,13933
"08/12/2014 09:43",15.6,12942
"08/12/2014 09:44",29.4,13051
"08/12/2014 09:45",30.7,14015
"08/12/2014 09:46",25.4,15509
"08/12/2014 09:47",39.4,15507
"08/12/2014 09:48",45.3,14114
"08/12/2014 09:49",35.5,12919
"08/12/2014 09:50",35.2,13642
"08/12/2014 09:51",54.2,15297
"08/12/2014 09:52",54,14975
"08/12/2014 09:53",62.8,14282
"08/12/2014 09:54",60.3,14241
"08/12/2014 09:55",37.1,12754
"08/12/2014 09:56",21.8,13044
"08/12/2014 09:57",18.6,17790
"08/12/2014 09:58",12,18402
"08/12/2014 09:59",20.6,14536
"08/12/2014 10:00",25.3,12225
"08/12/2014 10:01",31.3,13879
"08/12/2014 10:02",18.4,11527
"08/12/2014 10:03",20.4,11156
"08/12/2014 10:04",37.6,11915
"08/12/2014 10:05",51,12143
"08/12/2014 10:06",47.2,11961
"08/12/2014 10:07",35.3,10131
"08/12/2014 10:08",52.4,10968
"08/12/2014 10:09",26.5,8253
"08/12/2014 10:10",36.1,11464
"08/12/2014 10:11",53.5,17096
"08/12/2014 10:12",28.9,13107
"08/12/2014 10:13",39.7,12425
"08/12/2014 10:14",24.6,9256
"08/12/2014 10:15",32.8,10221
"08/12/2014 10:16",33.9,9751
"08/12/2014 10:17",33.4,11305
"08/12/2014 10:18",38.4,12598
"08/12/2014 10:19",46.4,14061
"08/12/2014 10:20",43.4,16290
"08/12/2014 10:21",32.3,14012
"08/12/2014 10:22",23.4,11751
"08/12/2014 10:23",25.5,13428
"08/12/2014 10:24",26.2,14806
"08/12/2014 10:25",28.8,13017
"08/12/2014 10:26",26.3,10803
"08/12/2014 10:27",20.7,10258
"08/12/2014 10:28",24.6,8541
"08/12/2014 10:29",31.1,8741
"08/12/2014 10:30",42.2,10656
"08/12/2014 10:31",38.7,10643
"08/12/2014 10:32",45.4,11920
"08/12/2014 10:33",53.6,13893
"08/12/2014 10:34",53.5,15427
"08/12/2014 10:35",55.2,16478
"08/12/2014 10:36",64.2,18030
"08/12/2014 10:37",69.9,16843
"08/12/2014 10:38",62.9,15116
"08/12/2014 10:39",12.5,7641
"08/12/2014 10:40",14.7,7495
"10/12/2014 10:52",4.3,9803
"10/12/2014 10:53",4.2,9163
"10/12/2014 10:54",3.7,8230
"10/12/2014 10:55",3.1,7279
"10/12/2014 10:56",2.7,7448
"10/12/2014 10:57",2.3,8407
"10/12/2014 10:58",2.4,8889
"10/12/2014 10:59",2.4,9678
"10/12/2014 11:00",2.5,9414
"10/12/2014 11:01",2.3,8520
"10/12/2014 11:02",3.7,8634
"10/12/2014 11:03",4.2,7780
"10/12/2014 11:04",2.7,6453
"10/12/2014 11:05",3.5,6203
"10/12/2014 11:06",3.7,5439
"10/12/2014 11:07",4.3,5637
"10/12/2014 11:08",12,16738
"10/12/2014 11:09",11.5,16037
"10/12/2014 11:10",26.2,16962
"10/12/2014 11:11",27.6,15071
"10/12/2014 11:12",25.7,12469
"10/12/2014 11:13",23.4,11072
"10/12/2014 11:14",21,10987
"10/12/2014 11:15",12.2,11832
"10/12/2014 11:16",15.6,12816
"10/12/2014 11:17",20,16021
"10/12/2014 11:18",16.9,14508
"10/12/2014 11:19",8.9,9979
"10/12/2014 11:20",10,10659
"10/12/2014 11:21",19,11364
"10/12/2014 11:22",16.8,9885
"10/12/2014 11:23",16,9030
"10/12/2014 11:24",19.9,9977
"10/12/2014 11:25",21.6,10837
"10/12/2014 11:26",18.7,11569
"10/12/2014 11:27",16.3,11710
"10/12/2014 11:28",13.2,11900
"10/12/2014 11:29",11,12372
"10/12/2014 11:30",8.6,11659
"10/12/2014 11:31",7.5,12636
"10/12/2014 11:32",7.4,13847
"10/12/2014 11:33",7.8,12978
"10/12/2014 11:34",7.5,11075
"10/12/2014 11:35",5.9,10221
"10/12/2014 11:36",4.6,10463
"10/12/2014 11:37",2.9,10191
"10/12/2014 11:38",3.8,10219
"10/12/2014 11:39",4.8,8925
"10/12/2014 11:40",6,8361
"10/12/2014 11:41",7.2,8458
"10/12/2014 11:42",11,9978
"10/12/2014 11:43",33.2,15002
"10/12/2014 11:44",23.2,12369
"10/12/2014 11:45",20.1,12299
"10/12/2014 11:46",15.3,11117
"10/12/2014 11:47",11.2,10368
"10/12/2014 11:48",8.2,11186
"10/12/2014 11:49",5.2,12573
"10/12/2014 11:50",6,12660
"10/12/2014 11:51",5.8,12842
"10/12/2014 11:52",4.3,10040
"10/12/2014 11:53",3.6,9320
"10/12/2014 11:54",2.9,8779
"10/12/2014 11:55",3,7662
"10/12/2014 11:56",2.3,7928
"10/12/2014 11:57",2.4,9013
"10/12/2014 11:58",2.4,9941
"10/12/2014 11:59",2,9871
"10/12/2014 12:00",1.8,8467
"10/12/2014 12:01",1.3,7313
"10/12/2014 12:02",1.1,9270
"10/12/2014 12:03",1.5,9209
"10/12/2014 12:04",3.3,8951
"10/12/2014 12:05",2.6,8021
"10/12/2014 12:06",1.8,7994
"10/12/2014 12:07",1.3,11194
"10/12/2014 12:08",1.7,10916
"10/12/2014 12:09",1.6,10469
"10/12/2014 12:10",1.6,12685
"10/12/2014 12:11",2.1,14267
"10/12/2014 12:12",2.2,14239
"10/12/2014 12:13",2,12870
"10/12/2014 12:14",2.3,10326
"10/12/2014 12:15",1.1,7597
"10/12/2014 12:16",1.2,6785
"10/12/2014 12:17",1,5760
"10/12/2014 12:18",1.5,5812
"10/12/2014 12:19",1.8,5791
"10/12/2014 12:20",2.5,6511
"10/12/2014 12:21",2.7,5904
"10/12/2014 12:22",3.3,6889
"10/12/2014 12:23",3.8,6495
"10/12/2014 12:24",3.3,6690
"10/12/2014 12:25",2.5,6162
"10/12/2014 12:26",3.1,10143
"10/12/2014 12:27",4.1,11965
"10/12/2014 12:28",5.1,10966
"10/12/2014 12:29",5.4,13016
"10/12/2014 12:30",6.1,12913
"10/12/2014 12:31",9.5,12771
"10/12/2014 12:32",10.2,13021
"10/12/2014 12:33",12.2,13193
"10/12/2014 12:34",16,12452
"10/12/2014 12:35",19.1,11507
"10/12/2014 12:36",23.9,11470
"10/12/2014 12:37",23.2,11671
"10/12/2014 12:38",23.1,11628
"10/12/2014 12:39",16.5,10140
"10/12/2014 12:40",13.3,8894
"10/12/2014 12:41",7.8,8070
"10/12/2014 12:42",8,7700
"10/12/2014 12:43",4.4,9378
"10/12/2014 12:44",5.2,9611
"10/12/2014 12:45",7.2,10994
"10/12/2014 12:46",7.8,13307
"10/12/2014 12:47",10.2,15274
"10/12/2014 12:48",8.1,12917
"10/12/2014 12:49",6.5,15053
"10/12/2014 12:50",7.1,15656
"10/12/2014 12:51",13.6,15945
"10/12/2014 12:52",11.8,15097
"10/12/2014 12:53",11.7,13875
"10/12/2014 12:54",13.9,13860
"10/12/2014 12:55",23.7,12785
"10/12/2014 12:56",18.5,12429
"10/12/2014 12:57",14.8,10938
"10/12/2014 12:58",12.8,10056
"10/12/2014 12:59",8.9,9056
"10/12/2014 13:00",7.8,9098
"10/12/2014 13:01",16.2,10927
"10/12/2014 13:02",11.8,11953
"10/12/2014 13:03",22.5,15281
"10/12/2014 13:04",19.8,12009
"10/12/2014 13:05",22.2,11164
"10/12/2014 13:06",26.6,13376
"10/12/2014 13:07",32.7,14640
"10/12/2014 13:08",18.8,12400
"10/12/2014 13:09",16.6,10724
"10/12/2014 13:10",13.1,9191
"10/12/2014 13:11",13.3,7397
"10/12/2014 13:12",9.7,7016
"10/12/2014 13:13",6.7,9066
"10/12/2014 13:14",6,10667
"10/12/2014 13:15",5.6,11483
"10/12/2014 13:16",4.1,12160
"10/12/2014 13:17",4,10809
"10/12/2014 13:18",3,10174
"10/12/2014 13:19",2.8,9662
"10/12/2014 13:20",2.9,9058
"10/12/2014 13:21",3.6,9228
"10/12/2014 13:22",2.9,9221
"10/12/2014 13:23",4.7,8887
"10/12/2014 13:24",4.1,11180
"10/12/2014 13:25",2.4,15539
"10/12/2014 13:26",3.3,13901
"10/12/2014 13:27",3.5,14055
"10/12/2014 13:28",3.7,13378
"10/12/2014 13:29",3.5,16114
"10/12/2014 13:30",5.1,16914
"10/12/2014 13:31",6.1,18930
"10/12/2014 13:32",8.2,"9999"
"16/12/2014 08:09",6.7,9999
"16/12/2014 08:10",8.6,6874
"16/12/2014 08:11",7.6,12576
"16/12/2014 08:12",13.4,22254
"16/12/2014 08:13",25.1,22115
"16/12/2014 08:14",34.6,23263
"16/12/2014 08:15",48.9,22403
"16/12/2014 08:16",53.3,23389
"16/12/2014 08:17",59.7,22323
"16/12/2014 08:18",57.7,24126
"16/12/2014 08:19",54.6,25251
"16/12/2014 08:20",55.1,22247
"16/12/2014 08:21",49.8,19467
"16/12/2014 08:22",42.2,18289
"16/12/2014 08:23",39,19754
"16/12/2014 08:24",40.5,19847
"16/12/2014 08:25",45,20011
"16/12/2014 08:26",43.2,20011
"16/12/2014 08:27",41.9,24390
"16/12/2014 08:28",44.9,27800
"16/12/2014 08:29",54.8,27747
"16/12/2014 08:30",49.7,28107
"16/12/2014 08:31",58.4,36993
"16/12/2014 08:32",55,38902
"16/12/2014 08:33",65.1,55730
"16/12/2014 08:34",67.7,55024
"16/12/2014 08:35",70.8,47792
"16/12/2014 08:36",65.6,47865
"16/12/2014 08:37",65.1,46749
"16/12/2014 08:38",58.2,37754
"16/12/2014 08:39",61.8,36483
"16/12/2014 08:40",72,33985
"16/12/2014 08:41",62.3,32736
"16/12/2014 08:42",67.4,32349
"16/12/2014 08:43",62.5,28184
"16/12/2014 08:44",62.8,27927
"16/12/2014 08:45",50.8,26359
"16/12/2014 08:46",48,25209
"16/12/2014 08:47",48.5,24145
"16/12/2014 08:48",51.7,22649
"16/12/2014 08:49",52.2,21679
"16/12/2014 08:50",54,19510
"16/12/2014 08:51",58.2,19802
"16/12/2014 08:52",52.4,19217
"16/12/2014 08:53",48,19635
"16/12/2014 08:54",50.2,17632
"16/12/2014 08:55",56.4,18961
"16/12/2014 08:56",59.9,19415
"16/12/2014 08:57",62.6,19454
"16/12/2014 08:58",63.2,19837
"16/12/2014 08:59",55.1,17632
"16/12/2014 09:00",33.6,15121
"16/12/2014 09:01",44.5,15177
"16/12/2014 09:02",49.8,14865
"16/12/2014 09:03",55.6,13558
"16/12/2014 09:04",36.6,11575
"16/12/2014 09:05",18.2,11156
"16/12/2014 09:06",16.1,12681
"16/12/2014 09:07",14.8,13319
"16/12/2014 09:08",14.1,14851
"16/12/2014 09:09",11,15418
"16/12/2014 09:10",10.7,14123
"16/12/2014 09:11",10.1,13950
"16/12/2014 09:12",9.5,13648
"16/12/2014 09:13",8.9,13485
"16/12/2014 09:14",7.4,13299
"16/12/2014 09:15",6.8,12592
"16/12/2014 09:16",5.9,9953
"16/12/2014 09:17",6.8,9593
"16/12/2014 09:18",5.8,9837
"16/12/2014 09:19",6,9687
"16/12/2014 09:20",3.7,10526
"16/12/2014 09:21",2.7,7910
"16/12/2014 09:22",5.5,8453
"16/12/2014 09:23",5.2,8182
"16/12/2014 09:24",3.9,6947
"16/12/2014 09:25",3.1,5770
"16/12/2014 09:26",4,5575
"16/12/2014 09:27",4.9,5904
"16/12/2014 09:28",4.1,5787
"16/12/2014 09:29",4.3,5642
"16/12/2014 09:30",5.2,5749
"16/12/2014 09:31",4.8,5880
"16/12/2014 09:32",5.9,5327
"16/12/2014 09:33",5.5,5728
"16/12/2014 09:34",6.2,5836
"16/12/2014 09:35",7.4,5729
"16/12/2014 09:36",8.5,6084
"16/12/2014 09:37",9.4,6853
"16/12/2014 09:38",7.6,6179
"16/12/2014 09:39",7.8,6920
"16/12/2014 09:40",8,7651
"16/12/2014 09:41",8.2,7612
"16/12/2014 09:42",8.3,10193
"16/12/2014 09:43",13.5,11416
"16/12/2014 09:44",34.3,11927
"16/12/2014 09:45",39.9,12996
"16/12/2014 09:46",38.4,12399
"16/12/2014 09:47",39.7,11926
"16/12/2014 09:48",45.6,12426
"16/12/2014 09:49",48.9,12732
"16/12/2014 09:50",52.9,13294
"16/12/2014 09:51",48.5,13356
"16/12/2014 09:52",49.5,13029
"16/12/2014 09:53",48.9,14200
"16/12/2014 09:54",49,13751
"16/12/2014 09:55",48.3,11670
"16/12/2014 09:56",56.3,10059
"16/12/2014 09:57",50.7,8895
"16/12/2014 09:58",46.4,8187
"16/12/2014 09:59",45.5,9095
"16/12/2014 10:00",56.8,9908
"16/12/2014 10:01",42.6,10771
"16/12/2014 10:02",35.4,11374
"16/12/2014 10:03",39.6,12568
"16/12/2014 10:04",39.5,15031
"16/12/2014 10:05",46.9,16912
"16/12/2014 10:06",65.2,19134
"16/12/2014 10:07",80.5,20216
"16/12/2014 10:08",54.6,20627
"16/12/2014 10:09",64.5,19533
"16/12/2014 10:10",57.8,19537
"16/12/2014 10:11",46.9,19423
"16/12/2014 10:12",45.2,19467
"16/12/2014 10:13",48.3,18282
"16/12/2014 10:14",60.2,18642
"16/12/2014 10:15",74.1,18158
"16/12/2014 10:16",73.8,18262
"16/12/2014 10:17",58,17538
"16/12/2014 10:18",48.9,18533
"16/12/2014 10:19",47.2,17357
"16/12/2014 10:20",48.3,17619
"16/12/2014 10:21",46.5,18117
"16/12/2014 10:22",42.5,16756
"16/12/2014 10:23",42,16782
"16/12/2014 10:24",41,16581
"16/12/2014 10:25",43.1,16523
"16/12/2014 10:26",39.6,16776
"16/12/2014 10:27",42.6,15680
"16/12/2014 10:28",44.9,14705
"16/12/2014 10:29",46.9,16771
"16/12/2014 10:30",40.2,16386
"16/12/2014 10:31",37.8,17497
"16/12/2014 10:32",44.7,17740
"16/12/2014 10:33",43.6,16919
"16/12/2014 10:34",52.2,16538
"16/12/2014 10:35",53.7,15600
"16/12/2014 10:36",50.1,16617
"16/12/2014 10:37",53.4,16316
"16/12/2014 10:38",48.8,14630
"16/12/2014 10:39",42.4,13499
"16/12/2014 10:40",38.9,14363
"16/12/2014 10:41",34.7,13791
"16/12/2014 10:42",34.4,13260
"16/12/2014 10:43",21.5,13439
"16/12/2014 10:44",7.4,11888
"16/12/2014 10:45",8,12181
"16/12/2014 10:46",6.6,12252
"16/12/2014 10:47",6.8,11324
"16/12/2014 10:48",5.5,10409
"16/12/2014 10:49",4,10769
"16/12/2014 10:50",3.8,10372
"16/12/2014 10:51",4.1,10987
"16/12/2014 10:52",4.9,9885
"16/12/2014 10:53",5,10293
"16/12/2014 10:54",5.3,10057
"16/12/2014 10:55",4.5,10003
"16/12/2014 10:56",4.4,10029
"16/12/2014 10:57",6.3,9599
"16/12/2014 10:58",3.6,9016
"16/12/2014 10:59",3.8,8327
"16/12/2014 11:00",5,8216
"16/12/2014 11:01",5.4,9159
"16/12/2014 11:02",4.4,11046
"16/12/2014 11:03",4.1,12274
"16/12/2014 11:04",3.2,8036
"16/12/2014 11:05",6.6,9734
"16/12/2014 11:06",5.8,9331
"16/12/2014 11:07",6.2,10225
"16/12/2014 11:08",5.6,10005
"16/12/2014 11:09",5.4,8967
"16/12/2014 11:10",4.9,10100
"16/12/2014 11:11",4.4,10150
"16/12/2014 11:12",4.9,12326
"16/12/2014 11:13",5.1,11984
"16/12/2014 11:14",5.1,11688
"16/12/2014 11:15",5.1,11257
"16/12/2014 11:16",4.9,13148
"16/12/2014 11:17",5.1,12198
"16/12/2014 11:18",5.1,10998
"16/12/2014 11:19",4.1,10843
"16/12/2014 11:20",5.1,14525
"16/12/2014 11:21",12.3,14377
"16/12/2014 11:22",24.1,14374
"16/12/2014 11:23",32.3,13779
"16/12/2014 11:24",39.3,13781
"16/12/2014 11:25",38.7,14848
"16/12/2014 11:26",44.8,16503
"16/12/2014 11:27",50,17030
"16/12/2014 11:28",52,15994
"16/12/2014 11:29",49.5,16242
"16/12/2014 11:30",52.6,17991
"16/12/2014 11:31",48.8,17143
"16/12/2014 11:32",51.3,16661
"16/12/2014 11:33",54.8,15270
"16/12/2014 11:34",50.5,14078
"16/12/2014 11:35",48.7,15088
"16/12/2014 11:36",50.5,14468
"16/12/2014 11:37",44.5,15117
"16/12/2014 11:38",43,15919
"16/12/2014 11:39",40,16075
"16/12/2014 11:40",39.6,17380
"16/12/2014 11:41",39.1,19666
"16/12/2014 11:42",42,17724
"16/12/2014 11:43",39.9,16370
"16/12/2014 11:44",44.5,14818
"16/12/2014 11:45",59.5,14124
"16/12/2014 11:46",55.2,14592
"16/12/2014 11:47",47.6,13464
"16/12/2014 11:48",54,14901
"16/12/2014 11:49",53.6,15495
"16/12/2014 11:50",54,15211
"16/12/2014 11:51",53,15640
"16/12/2014 11:52",54.1,13368
"16/12/2014 11:53",61.9,13076
"16/12/2014 11:54",46.7,13814
"16/12/2014 11:55",55.7,16753
"16/12/2014 11:56",51.3,16056
"16/12/2014 11:57",69.3,17089
"16/12/2014 11:58",50.9,17515
"16/12/2014 11:59",53.3,19131
"16/12/2014 12:00",43.7,17351
"16/12/2014 12:01",43,16463
"16/12/2014 12:02",35.9,15757
"16/12/2014 12:03",35.5,14779
"16/12/2014 12:04",30.3,15135
"16/12/2014 12:05",29.6,14758
"16/12/2014 12:06",32,13476
"16/12/2014 12:07",35.4,12768
"16/12/2014 12:08",39.8,12315
"16/12/2014 12:09",49.2,13710
"16/12/2014 12:10",46.6,13202
"16/12/2014 12:11",43,12483
"16/12/2014 12:12",43.1,11169
"16/12/2014 12:13",48.7,11668
"16/12/2014 12:14",34.2,10166
"16/12/2014 12:15",3.4,6742
"16/12/2014 12:16",5.7,9999
"04/02/2015 08:07",13.8,9999
"04/02/2015 08:08",13.4,19613
"04/02/2015 08:09",47.5,25087
"04/02/2015 08:10",38.7,21534
"04/02/2015 08:11",26.7,21820
"04/02/2015 08:12",23.8,28136
"04/02/2015 08:13",77.6,27445
"04/02/2015 08:14",78.3,31075
"04/02/2015 08:15",101.3,27050
"04/02/2015 08:16",89.7,26981
"04/02/2015 08:17",104,24171
"04/02/2015 08:18",97.8,19979
"04/02/2015 08:19",95.7,18261
"04/02/2015 08:20",97.7,17322
"04/02/2015 08:21",136.5,19332
"04/02/2015 08:22",98.2,16134
"04/02/2015 08:23",84.3,15356
"04/02/2015 08:24",102.8,16817
"04/02/2015 08:25",110,19903
"04/02/2015 08:26",129,19634
"04/02/2015 08:27",128.1,17641
"04/02/2015 08:28",126.1,14871
"04/02/2015 08:29",99.5,14987
"04/02/2015 08:30",107.3,15011
"04/02/2015 08:31",119.4,17738
"04/02/2015 08:32",152.2,16625
"04/02/2015 08:33",124.2,16297
2015-02-04 08:34,100,13712
"04/02/2015 08:35",88.3,13051
"04/02/2015 08:36",101.1,14503
"04/02/2015 08:37",95.9,13608
"04/02/2015 08:38",98.7,14031
"04/02/2015 08:39",45.9,6901
"04/02/2015 08:40",14.4,8564
"04/02/2015 08:41",19.6,8336
"04/02/2015 08:42",22.7,10316
"04/02/2015 08:43",35.5,11757
"04/02/2015 08:44",23.8,9578
"04/02/2015 08:45",14.8,9957
"04/02/2015 08:46",14.8,4761
"04/02/2015 08:47",22.6,3221
"04/02/2015 08:48",36.2,3561
"04/02/2015 08:49",38.8,3157
"04/02/2015 08:50",22.6,4527
"04/02/2015 08:51",14.4,4355
"04/02/2015 08:52",26.9,5517
"04/02/2015 08:53",24,6224
"04/02/2015 08:54",37.6,5287
"04/02/2015 08:55",26.4,4137
"04/02/2015 08:56",31.6,3083
"04/02/2015 08:57",18.6,2864
"04/02/2015 08:58",34.2,2612
"04/02/2015 08:59",26,3183
"04/02/2015 09:00",45,4317
"04/02/2015 09:01",30.9,5239
"04/02/2015 09:02",19.4,4734
"04/02/2015 09:03",19.7,5403
"04/02/2015 09:04",20.5,7135
"04/02/2015 09:05",20.6,5571
"04/02/2015 09:06",4.6,3941
"04/02/2015 09:07",5.2,4666
"04/02/2015 09:08",10.2,4289
"04/02/2015 09:09",1.5,4252
"04/02/2015 09:10",2.2,4890
"04/02/2015 09:11",3.3,5705
"04/02/2015 09:12",4.3,9722
"04/02/2015 09:13",3.6,10671
"04/02/2015 09:14",11.5,11842
"04/02/2015 09:15",12.6,12418
"04/02/2015 09:16",29.2,18449
"04/02/2015 09:17",24.6,22354
"04/02/2015 09:18",33.3,28355
"04/02/2015 09:19",27.9,32052
"04/02/2015 09:20",28.3,28373
"04/02/2015 09:21",24,19055
"04/02/2015 09:22",23.2,13672
"04/02/2015 09:23",15.2,10646
"04/02/2015 09:24",18.8,9222
"04/02/2015 09:25",23.4,8267
"04/02/2015 09:26",27.6,8131
"04/02/2015 09:27",22.5,8007
"04/02/2015 09:28",14.7,7252
"04/02/2015 09:29",17.5,6921
"04/02/2015 09:30",13.7,5952
"04/02/2015 09:31",27,6334
"04/02/2015 09:32",31.2,6522
"04/02/2015 09:33",25.5,6329
"04/02/2015 09:34",22.5,5231
"04/02/2015 09:35",20.2,5180
"04/02/2015 09:36",16.2,5710
"04/02/2015 09:37",8.5,7943
"04/02/2015 09:38",5,8140
"04/02/2015 09:39",41.8,11391
"04/02/2015 09:40",85.3,13453
"04/02/2015 09:41",89.6,12770
"04/02/2015 09:42",82.1,12757
"04/02/2015 09:43",81.3,9999
"04/02/2015 09:44",98.7,9999
"04/02/2015 09:45",103.3,9999
"04/02/2015 09:46",98.1,9999
"04/02/2015 09:47",104.5,9999
"04/02/2015 09:48",111.5,9999
"04/02/2015 09:49",115.6,9999
"04/02/2015 09:50",103,9999
"04/02/2015 09:51",96.5,9999
"04/02/2015 09:52",101.9,9999
"04/02/2015 09:53",101.5,9999
"04/02/2015 09:54",100.3,9999
"04/02/2015 09:55",103.7,9999
"04/02/2015 09:56",94.8,9999
"04/02/2015 09:57",94,9999
"04/02/2015 09:58",85,9999
"04/02/2015 09:59",80.9,9999
"04/02/2015 10:00",83.8,9999
"04/02/2015 10:01",77.6,9999
"04/02/2015 10:02",76.1,9999
"04/02/2015 10:03",74.7,9999
"04/02/2015 10:04",41.7,9999
"04/02/2015 10:05",29.5,9999
"17/02/2015 09:43",0.2,9999
"17/02/2015 09:44",-0.7,9999
"17/02/2015 09:45",-0.8,5687
"17/02/2015 09:46",0,9171
"17/02/2015 09:47",0.7,6075
"17/02/2015 09:48",1.6,7560
"17/02/2015 09:49",2,7708
"17/02/2015 09:50",3,7328
"17/02/2015 09:51",2.3,7349
"17/02/2015 09:52",2.2,9083
"17/02/2015 09:53",2.2,10577
"17/02/2015 09:54",2.5,11100
"17/02/2015 09:55",2.3,9918
"17/02/2015 09:56",1.3,8296
"17/02/2015 09:57",1.4,8109
"17/02/2015 09:58",1.6,7714
"17/02/2015 09:59",1.7,6728
"17/02/2015 10:00",1,6604
"17/02/2015 10:01",1.2,6641
"17/02/2015 10:02",1.2,6575
"17/02/2015 10:03",0.8,6135
"17/02/2015 10:04",0.6,5906
"17/02/2015 10:05",1.5,6751
"17/02/2015 10:06",1,6252
"17/02/2015 10:07",1.1,5918
"17/02/2015 10:08",1.2,6277
"17/02/2015 10:09",2,6285
"17/02/2015 10:10",1.4,6261
"17/02/2015 10:11",2,9577
"17/02/2015 10:12",3.1,20730
"17/02/2015 10:13",3.7,17739
"17/02/2015 10:14",3.4,13356
"17/02/2015 10:15",2.1,10126
"17/02/2015 10:16",2.1,8581
"17/02/2015 10:17",2.4,6638
"17/02/2015 10:18",2.2,6037
"17/02/2015 10:19",2.1,6260
"17/02/2015 10:20",1.9,6088
"17/02/2015 10:21",2.1,7088
"17/02/2015 10:22",2.5,7739
"17/02/2015 10:23",2.6,6921
"17/02/2015 10:24",2.3,7340
"17/02/2015 10:25",2.1,8030
"17/02/2015 10:26",2.1,7995
"17/02/2015 10:27",2.2,7445
"17/02/2015 10:28",1.4,7426
"17/02/2015 10:29",2.4,8371
"17/02/2015 10:30",2.3,9604
"17/02/2015 10:31",6.1,14562
"17/02/2015 10:32",22.9,14857
"17/02/2015 10:33",22.9,13555
"17/02/2015 10:34",27.4,16170
"17/02/2015 10:35",40.6,19003
"17/02/2015 10:36",49.9,19896
"17/02/2015 10:37",56.9,20753
"17/02/2015 10:38",56.8,24228
"17/02/2015 10:39",57.5,27792
"17/02/2015 10:40",55.9,26542
"17/02/2015 10:41",56.2,24834
"17/02/2015 10:42",54.6,24104
"17/02/2015 10:43",55.9,20963
"17/02/2015 10:44",57.1,19407
"17/02/2015 10:45",59.5,17544
"17/02/2015 10:46",59.3,17725
"17/02/2015 10:47",58.3,17044
"17/02/2015 10:48",60.5,17633
"17/02/2015 10:49",63.6,17807
"17/02/2015 10:50",65.2,17646
"17/02/2015 10:51",65,16538
"17/02/2015 10:52",62.5,16540
"17/02/2015 10:53",58.5,16736
"17/02/2015 10:54",54.5,16309
"17/02/2015 10:55",45.9,15742
"17/02/2015 10:56",42,15618
"17/02/2015 10:57",39.7,14661
"17/02/2015 10:58",35.5,13378
"17/02/2015 10:59",20.9,13025
"17/02/2015 11:00",13.7,12140
"17/02/2015 11:01",10.4,10349
"17/02/2015 11:02",4.2,6207
"17/02/2015 11:03",1.2,7408
"17/02/2015 11:04",1.7,8167
"17/02/2015 11:05",1.8,9341
"17/02/2015 11:06",2.1,9512
"17/02/2015 11:07",2.5,7788
"17/02/2015 11:08",0.8,6778
"17/02/2015 11:09",1,6799
"17/02/2015 11:10",1.3,7595
"17/02/2015 11:11",1.4,8876
"17/02/2015 11:12",1.4,10097
"17/02/2015 11:13",1.3,12618
"17/02/2015 11:14",1.4,13433
"17/02/2015 11:15",1.8,10813
"17/02/2015 11:16",1.9,10465
"17/02/2015 11:17",1.9,9679
"17/02/2015 11:18",2.9,10419
"17/02/2015 11:19",3,10692
"17/02/2015 11:20",5.4,12384
"17/02/2015 11:21",14.1,14478
"17/02/2015 11:22",20.1,15595
"17/02/2015 11:23",21.8,16214
"17/02/2015 11:24",31.6,21415
"17/02/2015 11:25",41.2,21674
"17/02/2015 11:26",46.5,18125
"17/02/2015 11:27",44.1,16662
"17/02/2015 11:28",46.3,16186
"17/02/2015 11:29",49.9,16800
"17/02/2015 11:30",54.8,15786
"17/02/2015 11:31",54,14765
"17/02/2015 11:32",49,15145
"17/02/2015 11:33",49.3,14550
"17/02/2015 11:34",47.1,14369
"17/02/2015 11:35",51.3,13614
"17/02/2015 11:36",49.6,15616
"17/02/2015 11:37",48.2,15605
"17/02/2015 11:38",48.8,23427
"17/02/2015 11:39",44.8,31697
"17/02/2015 11:40",44.1,32929
"17/02/2015 11:41",42.8,34188
"17/02/2015 11:42",43.5,28996
"17/02/2015 11:43",47,25346
"17/02/2015 11:44",43.7,20719
"17/02/2015 11:45",36.5,17089
"17/02/2015 11:46",21.6,9134
"17/02/2015 11:47",12.5,8297
"17/02/2015 11:48",7.3,7363
"17/02/2015 11:49",5.2,6413
"17/02/2015 11:50",4.6,6062
"17/02/2015 11:51",3.5,5733
"17/02/2015 11:52",2.8,5543
"17/02/2015 11:53",2.2,5341
"17/02/2015 11:54",3.1,5702
"17/02/2015 11:55",2.5,6777
"17/02/2015 11:56",2.5,7360
"17/02/2015 11:57",2.2,6426
"17/02/2015 11:58",4.4,4492
"17/02/2015 11:59",0.6,3994
"17/02/2015 12:00",0.4,56962
"17/02/2015 12:01",2.1,82434
"17/02/2015 12:02",2.6,86129
"17/02/2015 12:03",2.8,79021
"17/02/2015 12:04",2.6,71738
"17/02/2015 12:05",2.5,62296
"17/02/2015 12:06",2.4,46184
"17/02/2015 12:07",2,14172
"17/02/2015 12:08",1,2524
"17/02/2015 12:09",-0.7,2264
"17/02/2015 12:10",-0.3,2513
"17/02/2015 12:11",-1.1,2860
"17/02/2015 12:12",0.4,2926
"17/02/2015 12:13",1.2,2679
"17/02/2015 12:14",1.9,3188
"17/02/2015 12:15",1.1,3599
"17/02/2015 12:16",2.6,4932
"17/02/2015 12:17",3.5,5071
"17/02/2015 12:18",2.5,4431
"17/02/2015 12:19",2.1,5801
"17/02/2015 12:20",3.5,5665
"17/02/2015 12:21",2.7,5765
"17/02/2015 12:22",2.8,5214
"17/02/2015 12:23",2.3,6661
"17/02/2015 12:24",2.2,6186
"17/02/2015 12:25",1.8,7599
"17/02/2015 12:26",5.2,9473
"17/02/2015 12:27",11.6,9869
"17/02/2015 12:28",16.3,10319
"17/02/2015 12:29",22.6,11257
"17/02/2015 12:30",29.4,14222
"17/02/2015 12:31",41.3,14876
"17/02/2015 12:32",43.3,16837
"17/02/2015 12:33",45,20169
"17/02/2015 12:34",45.3,22055
"17/02/2015 12:35",48.9,22225
"17/02/2015 12:36",47.4,20567
"17/02/2015 12:37",45.1,19108
"17/02/2015 12:38",44,17372
"17/02/2015 12:39",46.9,16653
"17/02/2015 12:40",48.5,16416
"17/02/2015 12:41",47.3,14704
"17/02/2015 12:42",50.2,17231
"17/02/2015 12:43",53.7,19037
"17/02/2015 12:44",53.3,16809
"17/02/2015 12:45",54.1,15656
"17/02/2015 12:46",51.6,13777
"17/02/2015 12:47",50.8,14683
"17/02/2015 12:48",51.3,15556
"17/02/2015 12:49",47.9,14320
"17/02/2015 12:50",37.6,13426
"17/02/2015 12:51",34.4,12517
"17/02/2015 12:52",32.4,11044
"17/02/2015 12:53",29.5,9229
"17/02/2015 12:54",17.8,7445
"17/02/2015 12:55",12.4,6181
"17/02/2015 12:56",7.2,5508
"17/02/2015 12:57",3.7,4797
"17/02/2015 12:58",2.3,4811
"17/02/2015 12:59",2,5354
"17/02/2015 13:00",2.3,5745
"17/02/2015 13:01",1.9,5149
"17/02/2015 13:02",0.7,4924
"17/02/2015 13:03",1.1,5969
"17/02/2015 13:04",0.6,6498
"17/02/2015 13:05",0.9,7202
"17/02/2015 13:06",1,6065
"17/02/2015 13:07",1,6176
"17/02/2015 13:08",1.7,6110
"17/02/2015 13:09",2.6,6151
"17/02/2015 13:10",1.8,5593
"17/02/2015 13:11",1.8,6897
"17/02/2015 13:12",2.8,8054
"17/02/2015 13:13",3.3,8740
"17/02/2015 13:14",3.6,10241
"17/02/2015 13:15",13,11087
"17/02/2015 13:16",17.3,12699
"17/02/2015 13:17",20.5,13877
"17/02/2015 13:18",24.3,13217
"17/02/2015 13:19",26.7,13685
"17/02/2015 13:20",35.8,14201
"17/02/2015 13:21",37,13549
"17/02/2015 13:22",41.1,13126
"17/02/2015 13:23",41.1,13110
"17/02/2015 13:24",47.3,14403
"17/02/2015 13:25",48.8,12931
"17/02/2015 13:26",47.5,12963
"17/02/2015 13:27",46.3,13038
"17/02/2015 13:28",46.3,13239
"17/02/2015 13:29",46.6,12786
"17/02/2015 13:30",46.8,11867
"17/02/2015 13:31",46,11691
"17/02/2015 13:32",46.4,16265
"17/02/2015 13:33",50.7,22586
"17/02/2015 13:34",43.7,28506
"17/02/2015 13:35",44,32195
"17/02/2015 13:36",45.3,28358
"17/02/2015 13:37",44.5,24214
"17/02/2015 13:38",46.1,19767
"17/02/2015 13:39",40.6,14614
"17/02/2015 13:40",33.7,10762
"17/02/2015 13:41",17,5996
"17/02/2015 13:42",7.5,4944
"17/02/2015 13:43",5.3,4916
"17/02/2015 13:44",4,4529
"17/02/2015 13:45",2.6,5082
"17/02/2015 13:46",2.3,3985
"17/02/2015 13:47",1.2,4477
"17/02/2015 13:48",1.2,4949
"17/02/2015 13:49",1.8,7073
"17/02/2015 13:50",3.8,8203
"17/02/2015 13:51",3.5,8861
"17/02/2015 13:52",3.1,7950
"17/02/2015 13:53",2.7,5309
"17/02/2015 13:54",0.5,4169
"03/03/2015 10:06",0.9,4283
"03/03/2015 10:07",0.6,9999
"03/03/2015 10:08",1.3,4182
"03/03/2015 10:09",0.6,5297
"03/03/2015 10:10",1.2,7399
"03/03/2015 10:11",-0.1,6890
"03/03/2015 10:12",0.2,6843
"03/03/2015 10:13",1.4,6266
"03/03/2015 10:14",1.9,6932
"03/03/2015 10:15",1.9,7714
"03/03/2015 10:16",1.8,9552
"03/03/2015 10:17",8,9018
"03/03/2015 10:18",5.4,9769
"03/03/2015 10:19",4.3,9935
"03/03/2015 10:20",3.6,9454
"03/03/2015 10:21",2.7,9583
"03/03/2015 10:22",2.2,10091
"03/03/2015 10:23",2,9591
"03/03/2015 10:24",1.7,9084
"03/03/2015 10:25",1.7,8651
"03/03/2015 10:26",1.4,8582
"03/03/2015 10:27",1.3,9160
"03/03/2015 10:28",1.5,10889
"03/03/2015 10:29",1.6,10679
"03/03/2015 10:30",1.5,9684
"03/03/2015 10:31",1.6,11199
"03/03/2015 10:32",1.5,11986
"03/03/2015 10:33",1.6,12595
"03/03/2015 10:34",1.6,12649
"03/03/2015 10:35",1.4,11873
"03/03/2015 10:36",1.4,12537
"03/03/2015 10:37",1.3,12632
"03/03/2015 10:38",1.2,12738
"03/03/2015 10:39",1.4,12607
"03/03/2015 10:40",1.6,14202
"03/03/2015 10:41",1.3,12818
"03/03/2015 10:42",1.3,11655
"03/03/2015 10:43",1.4,11089
"03/03/2015 10:44",1.3,10635
"03/03/2015 10:45",1.4,9853
"03/03/2015 10:46",1.3,9075
"03/03/2015 10:47",1.2,9003
"03/03/2015 10:48",1.4,9279
"03/03/2015 10:49",1.2,9660
"03/03/2015 10:50",1,9722
"03/03/2015 10:51",1.3,9884
"03/03/2015 10:52",1.4,10541
"03/03/2015 10:53",1.7,13815
"03/03/2015 10:54",11.8,16746
"03/03/2015 10:55",24.6,16521
"03/03/2015 10:56",32.5,14003
"03/03/2015 10:57",30.3,11129
"03/03/2015 10:58",24.3,9876
"03/03/2015 10:59",18,9999
"03/03/2015 11:00",21.4,9999
"03/03/2015 11:01",27.1,9999
"03/03/2015 11:02",26.2,9999
"03/03/2015 11:03",24.8,9999
"03/03/2015 11:04",30.9,9999
"03/03/2015 11:05",32.3,9999
"03/03/2015 11:06",27.1,9999
"03/03/2015 11:07",28.2,9999
"03/03/2015 11:08",31.5,9999
"03/03/2015 11:09",24.5,9999
"03/03/2015 11:10",22.4,9999
"03/03/2015 11:11",23.3,9999
"03/03/2015 11:12",22,9999
"03/03/2015 11:13",24.5,9999
"03/03/2015 11:14",25.2,9999
"03/03/2015 11:15",34.5,9999
"03/03/2015 11:16",33.7,9999
"03/03/2015 11:17",31.7,9999
"03/03/2015 11:18",27.1,9999
"03/03/2015 11:19",20.5,9999
"03/03/2015 11:20",15.4,9999
"03/03/2015 11:21",11.3,9999
"03/03/2015 11:22",8.7,9999
"03/03/2015 11:23",9.9,9999
"03/03/2015 11:24",7.6,9999
"03/03/2015 11:25",6.4,9999
"03/03/2015 11:26",5,9999
"03/03/2015 11:27",4.1,9999
"03/03/2015 11:28",3.5,9999
"03/03/2015 11:29",2.9,9999
"03/03/2015 11:30",2.4,9999
"03/03/2015 11:31",2.6,9999
"03/03/2015 11:32",2.4,9999
"03/03/2015 11:33",1.8,9999
"03/03/2015 11:34",0.8,9999
"03/03/2015 11:35",1.1,9999
"03/03/2015 11:36",1.1,9999
"03/03/2015 11:37",1.8,9999
"03/03/2015 11:38",1.9,9999
"03/03/2015 11:39",1.5,9999
"03/03/2015 11:40",1.3,9999
"03/03/2015 11:41",1.1,9999
"03/03/2015 11:42",1,9999
"03/03/2015 11:43",1,9999
"03/03/2015 11:44",1,9999
"03/03/2015 11:45",1,9999
"03/03/2015 11:46",0.2,9999
"03/03/2015 11:47",0,9999
"03/03/2015 11:48",2.5,9999
"03/03/2015 11:49",1.1,9999
"03/03/2015 11:50",0.9,9999
"03/03/2015 11:51",1,9999
"03/03/2015 11:52",0.9,9999
"03/03/2015 11:53",0.9,9999
"03/03/2015 11:54",0.8,9999
"03/03/2015 11:55",0.7,9999
"03/03/2015 11:56",1.2,9999
"03/03/2015 11:57",1.6,9999
"03/03/2015 11:58",1.6,9999
"03/03/2015 11:59",1.8,9999
"03/03/2015 12:00",1.7,9999
"03/03/2015 12:01",2,9999
"03/03/2015 12:02",2,9999
"03/03/2015 12:03",1.8,9999
"03/03/2015 12:04",0.7,9999
"03/03/2015 12:05",0.2,9999
"03/03/2015 12:06",0.7,9999
"03/03/2015 12:07",0.2,9999
"03/03/2015 12:08",0.6,9999
"03/03/2015 12:09",0.8,9999
"03/03/2015 12:10",1.5,9999
"03/03/2015 12:11",1.5,9999
"03/03/2015 12:12",1.4,9999
"03/03/2015 12:13",1.2,9999
"03/03/2015 12:14",1.5,9999
"03/03/2015 12:15",1.1,9999
"03/03/2015 12:16",1.3,9999
"03/03/2015 12:17",1.4,9999
"03/03/2015 12:18",1.3,9999
"03/03/2015 12:19",1.3,9999
"03/03/2015 12:20",1.6,9999
"03/03/2015 12:21",1.5,9999
"03/03/2015 12:22",2,9999
"03/03/2015 12:23",7.3,9999
"03/03/2015 12:24",9.3,9999
"03/03/2015 12:25",8.7,9999
"03/03/2015 12:26",8,9999
"03/03/2015 12:27",7.8,9999
"03/03/2015 12:28",8.2,9999
"03/03/2015 12:29",9.3,9999
"03/03/2015 12:30",13,9999
"03/03/2015 12:31",18.9,9999
"03/03/2015 12:32",24.4,9999
"03/03/2015 12:33",26.8,9999
"03/03/2015 12:34",27.4,9999
"03/03/2015 12:35",26.4,9999
"03/03/2015 12:36",25.5,9999
"03/03/2015 12:37",25.5,9999
"03/03/2015 12:38",24.1,9999
"03/03/2015 12:39",24.2,9999
"03/03/2015 12:40",24.9,9999
"03/03/2015 12:41",25.3,9999
"03/03/2015 12:42",26.5,9999
"03/03/2015 12:43",27.7,9999
"03/03/2015 12:44",26.3,9999
"03/03/2015 12:45",25.5,9999
"03/03/2015 12:46",28.3,9999
"03/03/2015 12:47",28.4,9999
"03/03/2015 12:48",24.8,9999
"03/03/2015 12:49",22.3,9999
"03/03/2015 12:50",22.7,9999
"03/03/2015 12:51",33.6,9999
"03/03/2015 12:52",36.7,9999
"03/03/2015 12:53",39.6,9999
"03/03/2015 12:54",35.1,9999
"03/03/2015 12:55",29.8,9999
"03/03/2015 12:56",28.1,9999
"03/03/2015 12:57",20.6,9999
"03/03/2015 12:58",6.2,9999
"03/03/2015 12:59",4.1,9999
"03/03/2015 13:00",4,9999
"03/03/2015 13:01",3.6,9999
"03/03/2015 13:02",3.3,9999
"03/03/2015 13:03",2.9,9999
"03/03/2015 13:04",2.3,9999
"03/03/2015 13:05",2.4,9999
"03/03/2015 13:06",2.3,9999
"03/03/2015 13:07",2,9999
"03/03/2015 13:08",2.1,9999
"03/03/2015 13:09",2.4,9999
"03/03/2015 13:10",1.7,9999
"03/03/2015 13:11",1.9,9999
"03/03/2015 13:12",2.1,9999
"03/03/2015 13:13",1.6,9999
"03/03/2015 13:14",1.5,9999
"03/03/2015 13:15",1.2,9999
"03/03/2015 13:16",1.3,9999
"03/03/2015 13:17",1.2,9999
"03/03/2015 13:18",1.2,9999
"03/03/2015 13:19",1,9999
"03/03/2015 13:20",1.2,9999
"03/03/2015 13:21",1.1,9999
"03/03/2015 13:22",0.9,9999
"03/03/2015 13:23",1,9999
"03/03/2015 13:24",1,9999
"03/03/2015 13:25",1.2,9999
"03/03/2015 13:26",1,9999
"03/03/2015 13:27",1,9999
"03/03/2015 13:28",1.1,9999
"03/03/2015 13:29",9999,9999
"17/03/2015 09:24",2.2,9999
"17/03/2015 09:25",2.6,9999
"17/03/2015 09:26",1.3,9999
"17/03/2015 09:27",3.2,9999
"17/03/2015 09:28",3,24922
"17/03/2015 09:29",4.3,21052
"17/03/2015 09:30",5.3,20798
"17/03/2015 09:31",5.3,18249
"17/03/2015 09:32",5.6,16460
"17/03/2015 09:33",6,15811
"17/03/2015 09:34",6.4,16368
"17/03/2015 09:35",6.2,17512
"17/03/2015 09:36",19.6,22159
"17/03/2015 09:37",6.8,24056
"17/03/2015 09:38",7.3,19716
"17/03/2015 09:39",9.5,20562
"17/03/2015 09:40",11.1,19041
"17/03/2015 09:41",9.3,18275
"17/03/2015 09:42",11.7,18747
"17/03/2015 09:43",7.7,18848
"17/03/2015 09:44",7.8,18249
"17/03/2015 09:45",8.8,17693
"17/03/2015 09:46",7.9,17207
"17/03/2015 09:47",10.1,15164
"17/03/2015 09:48",8.1,14894
"17/03/2015 09:49",9.4,13503
"17/03/2015 09:50",7.1,12961
"17/03/2015 09:51",7.5,12951
"17/03/2015 09:52",7.1,14211
"17/03/2015 09:53",13.6,14732
"17/03/2015 09:54",15,16071
"17/03/2015 09:55",13.9,18448
"17/03/2015 09:56",16.3,21001
"17/03/2015 09:57",23.4,21508
"17/03/2015 09:58",27.8,20258
"17/03/2015 09:59",27.2,15755
"17/03/2015 10:00",23.5,14966
"17/03/2015 10:01",20.3,17372
"17/03/2015 10:02",20.8,18945
"17/03/2015 10:03",17.7,20854
"17/03/2015 10:04",13.7,20269
"17/03/2015 10:05",11.3,18516
"17/03/2015 10:06",9.8,18338
"17/03/2015 10:07",10.5,18431
"17/03/2015 10:08",16.5,17573
"17/03/2015 10:09",11.2,15940
"17/03/2015 10:10",11.1,17462
"17/03/2015 10:11",16.8,18552
"17/03/2015 10:12",28.3,20660
"17/03/2015 10:13",28.2,20627
"17/03/2015 10:14",19.1,20020
"17/03/2015 10:15",18.6,21402
"17/03/2015 10:16",20.1,19691
"17/03/2015 10:17",14.4,17450
"17/03/2015 10:18",19.1,15227
"17/03/2015 10:19",16.3,13341
"17/03/2015 10:20",11.6,11664
"17/03/2015 10:21",8.1,10889
"17/03/2015 10:22",8.1,10511
"17/03/2015 10:23",8.1,9986
"17/03/2015 10:24",7.5,11352
"17/03/2015 10:25",9.8,10348
"17/03/2015 10:26",6.4,9556
"17/03/2015 10:27",7,9536
"17/03/2015 10:28",17.7,9885
"17/03/2015 10:29",9,9877
"17/03/2015 10:30",6.8,10259
"17/03/2015 10:31",7.2,10019
"17/03/2015 10:32",7,9500
"17/03/2015 10:33",7.6,11982
"17/03/2015 10:34",19.9,10077
"17/03/2015 10:35",7,10990
"17/03/2015 10:36",7.7,10369
"17/03/2015 10:37",9,9394
"17/03/2015 10:38",7,11218
"17/03/2015 10:39",10,11150
"17/03/2015 10:40",12,11422
"17/03/2015 10:41",9.1,12415
"17/03/2015 10:42",8,14050
"17/03/2015 10:43",14.6,14406
"17/03/2015 10:44",11.7,15715
"17/03/2015 10:45",14.4,17276
"17/03/2015 10:46",54.2,16906
"17/03/2015 10:47",61.4,17012
"17/03/2015 10:48",67.1,16711
"17/03/2015 10:49",67.6,16487
"17/03/2015 10:50",62.9,15549
"17/03/2015 10:51",52.4,14804
"17/03/2015 10:52",51.2,16685
"17/03/2015 10:53",54.9,15509
"17/03/2015 10:54",48.5,16577
"17/03/2015 10:55",55.1,18709
"17/03/2015 10:56",52.2,20950
"17/03/2015 10:57",60,22662
"17/03/2015 10:58",63.2,21712
"17/03/2015 10:59",59.4,21490
"17/03/2015 11:00",58.2,21653
"17/03/2015 11:01",56.5,19610
"17/03/2015 11:02",56.2,18381
"17/03/2015 11:03",52.5,18945
"17/03/2015 11:04",50.9,18598
"17/03/2015 11:05",47.1,17615
"17/03/2015 11:06",40.8,17094
"17/03/2015 11:07",34.5,15524
"17/03/2015 11:08",52.2,15867
"17/03/2015 11:09",55.9,15152
"17/03/2015 11:10",55.8,14305
"17/03/2015 11:11",55.2,13755
"17/03/2015 11:12",51.8,13579
"17/03/2015 11:13",49,14489
"17/03/2015 11:14",54.8,14904
"17/03/2015 11:15",52,15351
"17/03/2015 11:16",48.8,13845
"17/03/2015 11:17",44.3,16308
"17/03/2015 11:18",91.5,13959
"17/03/2015 11:19",69.8,13371
"17/03/2015 11:20",60.3,13936
"17/03/2015 11:21",59,14817
"17/03/2015 11:22",63.7,13977
"17/03/2015 11:23",60.4,14077
"17/03/2015 11:24",57.7,13046
"17/03/2015 11:25",52.7,12367
"17/03/2015 11:26",43.4,10100
"17/03/2015 11:27",39.7,6722
"17/03/2015 11:28",8.8,7706
"17/03/2015 11:29",7.7,6197
"17/03/2015 11:30",5.3,5928
"17/03/2015 11:31",5,6074
"17/03/2015 11:32",6.6,5950
"17/03/2015 11:33",9.4,6941
"17/03/2015 11:34",11,5999
"17/03/2015 11:35",6.4,5911
"17/03/2015 11:36",6.3,5494
"17/03/2015 11:37",6.3,5641
"17/03/2015 11:38",7.2,5189
"17/03/2015 11:39",3.5,4764
"17/03/2015 11:40",0.8,4371
"17/03/2015 11:41",3.9,4096
"17/03/2015 11:42",3,3935
"17/03/2015 11:43",3.1,3908
"17/03/2015 11:44",3.2,4389
"17/03/2015 11:45",3.7,4979
"17/03/2015 11:46",5.1,4417
"17/03/2015 11:47",4.1,4889
"17/03/2015 11:48",11.1,5062
"17/03/2015 11:49",7.9,5490
"17/03/2015 11:50",14.8,5619
"17/03/2015 11:51",17.2,4955
"17/03/2015 11:52",13,5513
"17/03/2015 11:53",11.7,5807
"17/03/2015 11:54",11.5,6588
"17/03/2015 11:55",7,6482
"17/03/2015 11:56",5.9,6881
"17/03/2015 11:57",5.6,7335
"17/03/2015 11:58",5.1,7342
"17/03/2015 11:59",5.4,8340
"17/03/2015 12:00",4.5,8870
"17/03/2015 12:01",14.9,9529
"17/03/2015 12:02",30.8,10325
"17/03/2015 12:03",43.1,12326
"17/03/2015 12:04",47.3,13748
"17/03/2015 12:05",48.5,13311
"17/03/2015 12:06",51.1,13480
"17/03/2015 12:07",64.6,13901
"17/03/2015 12:08",61.8,12867
"17/03/2015 12:09",60.2,13283
"17/03/2015 12:10",53.3,14674
"17/03/2015 12:11",41.9,16184
"17/03/2015 12:12",37.8,16820
"17/03/2015 12:13",41.9,15325
"17/03/2015 12:14",45.5,12707
"17/03/2015 12:15",36.9,12180
"17/03/2015 12:16",42,12059
"17/03/2015 12:17",47.2,11795
"17/03/2015 12:18",50.7,13307
"17/03/2015 12:19",54.1,13170
"17/03/2015 12:20",53,13225
"17/03/2015 12:21",36.4,14269
"17/03/2015 12:22",39.4,15773
"17/03/2015 12:23",43.2,16143
"17/03/2015 12:24",44.5,14718
"17/03/2015 12:25",47.5,16648
"17/03/2015 12:26",48.1,16682
"17/03/2015 12:27",48.3,17979
"17/03/2015 12:28",52.5,19696
"17/03/2015 12:29",56.9,21322
"17/03/2015 12:30",55.2,19637
"17/03/2015 12:31",49.9,18779
"17/03/2015 12:32",51,18274
"17/03/2015 12:33",55.7,16868
"17/03/2015 12:34",48.2,15201
"17/03/2015 12:35",49.1,14162
"17/03/2015 12:36",50.3,14541
"17/03/2015 12:37",55.5,14341
"17/03/2015 12:38",54.7,14386
"17/03/2015 12:39",52,15937
"17/03/2015 12:40",63.7,15433
"17/03/2015 12:41",53.8,12646
"17/03/2015 12:42",37.2,15234
"17/03/2015 12:43",20.7,15968
"17/03/2015 12:44",16.3,15079
"17/03/2015 12:45",14.4,14476
"17/03/2015 12:46",10.4,14005
"17/03/2015 12:47",9.2,11581
"17/03/2015 12:48",8,10917
"17/03/2015 12:49",7.3,11005
"17/03/2015 12:50",11.2,12478
"17/03/2015 12:51",7.2,9999
"17/03/2015 12:52",5.8,9999
"01/04/2015 10:15",28.3,9999
"01/04/2015 10:16",22.1,9999
"01/04/2015 10:17",21.9,16713
"01/04/2015 10:18",18,16968
"01/04/2015 10:19",17,14698
"01/04/2015 10:20",17.5,13430
"01/04/2015 10:21",16.5,12827
"01/04/2015 10:22",14.5,11106
"01/04/2015 10:23",9.9,9783
"01/04/2015 10:24",7.5,8405
"01/04/2015 10:25",4.9,7806
"01/04/2015 10:26",3,7706
"01/04/2015 10:27",2.2,8244
"01/04/2015 10:28",1.8,7387
"01/04/2015 10:29",1.7,7758
"01/04/2015 10:30",1.6,7779
"01/04/2015 10:31",1.3,7818
"01/04/2015 10:32",1.2,6859
"01/04/2015 10:33",1.1,6739
"01/04/2015 10:34",0.9,6042
"01/04/2015 10:35",0.7,5391
"01/04/2015 10:36",1.7,5889
"01/04/2015 10:37",1,5685
"01/04/2015 10:38",1.5,5758
"01/04/2015 10:39",8.4,7384
"01/04/2015 10:40",11.5,6705
"01/04/2015 10:41",8.3,5565
"01/04/2015 10:42",5.6,4956
"01/04/2015 10:43",4.5,5112
"01/04/2015 10:44",3.3,4471
"01/04/2015 10:45",3,3976
"01/04/2015 10:46",1.7,3936
"01/04/2015 10:47",0.5,4350
"01/04/2015 10:48",0.7,3678
"01/04/2015 10:49",0.8,4226
"01/04/2015 10:50",0.5,4554
"01/04/2015 10:51",1.8,4965
"01/04/2015 10:52",2.1,4121
"01/04/2015 10:53",1.9,3473
"01/04/2015 10:54",1.7,3686
"01/04/2015 10:55",1.4,4133
"01/04/2015 10:56",1.6,7515
"01/04/2015 10:57",1.9,8290
"01/04/2015 10:58",1.6,7057
"01/04/2015 10:59",1.4,7465
"01/04/2015 11:00",2.3,7048
"01/04/2015 11:01",5.8,6071
"01/04/2015 11:02",6.5,5328
"01/04/2015 11:03",2.5,4928
"01/04/2015 11:04",2.4,5346
"01/04/2015 11:05",2.4,5432
"01/04/2015 11:06",2.1,5442
"01/04/2015 11:07",2.3,25452
"01/04/2015 11:08",2.6,17669
"01/04/2015 11:09",2.1,12904
"01/04/2015 11:10",1.1,8748
"01/04/2015 11:11",1.2,7940
"01/04/2015 11:12",1.1,7020
"01/04/2015 11:13",1.1,6691
"01/04/2015 11:14",1.1,7016
"01/04/2015 11:15",1.3,6541
"01/04/2015 11:16",1.3,6318
"01/04/2015 11:17",1.1,7557
"01/04/2015 11:18",2.2,10898
"01/04/2015 11:19",7.5,11190
"01/04/2015 11:20",16.6,12837
"01/04/2015 11:21",24.6,12743
"01/04/2015 11:22",17.6,10764
"01/04/2015 11:23",13.7,9088
"01/04/2015 11:24",17.4,11204
"01/04/2015 11:25",17.6,10305
"01/04/2015 11:26",17.5,9507
"01/04/2015 11:27",11.7,6897
"01/04/2015 11:28",4.5,6031
"01/04/2015 11:29",0.8,6799
"01/04/2015 11:30",1,8006
"01/04/2015 11:31",1.2,8196
"01/04/2015 11:32",1.3,9033
"01/04/2015 11:33",1.5,9698
"01/04/2015 11:34",1.3,8628
"01/04/2015 11:35",1.8,8432
"01/04/2015 11:36",1.9,10537
"01/04/2015 11:37",2.1,13366
"01/04/2015 11:38",2.1,17258
"01/04/2015 11:39",2.5,14259
"01/04/2015 11:40",2.9,12053
"01/04/2015 11:41",2.4,10721
"01/04/2015 11:42",2.2,9753
"01/04/2015 11:43",2.1,8347
"01/04/2015 11:44",2.1,8500
"01/04/2015 11:45",2.1,8345
"01/04/2015 11:46",1.9,7417
"01/04/2015 11:47",1.7,7343
"01/04/2015 11:48",1.4,6252
"01/04/2015 11:49",1.4,5582
"01/04/2015 11:50",1.5,5089
"01/04/2015 11:51",1.4,4227
"01/04/2015 11:52",1.1,4174
"01/04/2015 11:53",1.3,4484
"01/04/2015 11:54",1,4629
"01/04/2015 11:55",1.2,4913
"01/04/2015 11:56",2,5468
"01/04/2015 11:57",0.4,4643
"01/04/2015 11:58",1.7,4844
"01/04/2015 11:59",0.8,4173
"01/04/2015 12:00",0.8,3769
"01/04/2015 12:01",1,4470
"01/04/2015 12:02",1.2,4210
"01/04/2015 12:03",1.2,4556
"01/04/2015 12:04",1.2,3725
"01/04/2015 12:05",1.1,3981
"01/04/2015 12:06",1.2,3660
"01/04/2015 12:07",1.1,4710
"01/04/2015 12:08",0.9,5114
"01/04/2015 12:09",1,5348
"01/04/2015 12:10",1.1,4831
"01/04/2015 12:11",1.2,6490
"01/04/2015 12:12",1.6,6771
"01/04/2015 12:13",1.7,7080
"01/04/2015 12:14",1.2,5080
"01/04/2015 12:15",0.6,6005
"01/04/2015 12:16",1.4,4770
"01/04/2015 12:17",0.7,5104
"01/04/2015 12:18",1,5012
"01/04/2015 12:19",1.6,4484
"01/04/2015 12:20",0.8,4000
"01/04/2015 12:21",0.8,3582
"01/04/2015 12:22",0.9,4677
"01/04/2015 12:23",1.4,4823
"01/04/2015 12:24",1.9,4950
"01/04/2015 12:25",1.2,4454
"01/04/2015 12:26",1.8,4649
"01/04/2015 12:27",1.8,5011
"01/04/2015 12:28",1.5,4878
"01/04/2015 12:29",1.4,4963
"01/04/2015 12:30",1.2,3896
"01/04/2015 12:31",9999,5792
"01/04/2015 13:22",1.8,7243
"01/04/2015 13:23",1.6,6733
"01/04/2015 13:24",1.8,6914
"01/04/2015 13:25",1.2,5347
"01/04/2015 13:26",1.1,5309
"01/04/2015 13:27",1,5876
"01/04/2015 13:28",1.1,5296
"01/04/2015 13:29",1,4624
"01/04/2015 13:30",1,4748
"01/04/2015 13:31",1.1,6634
"01/04/2015 13:32",1.3,7497
"01/04/2015 13:33",1.8,7748
"01/04/2015 13:34",2.1,6891
"01/04/2015 13:35",2.1,7731
"01/04/2015 13:36",1.9,7222
"01/04/2015 13:37",1.9,6551
"01/04/2015 13:38",2,6823
"01/04/2015 13:39",1.9,6393
"01/04/2015 13:40",2.1,6571
"01/04/2015 13:41",1.6,6051
"01/04/2015 13:42",2,6233
"01/04/2015 13:43",2.9,6298
"01/04/2015 13:44",3.5,6372
"01/04/2015 13:45",3.2,5695
"01/04/2015 13:46",2.7,4985
"01/04/2015 13:47",2.2,5233
"01/04/2015 13:48",3.3,8031
"01/04/2015 13:49",6.3,7801
"01/04/2015 13:50",5.8,6317
"01/04/2015 13:51",4.8,6955
"01/04/2015 13:52",4.1,6550
"01/04/2015 13:53",6,6578
"01/04/2015 13:54",7.9,7667
"01/04/2015 13:55",6,9722
"01/04/2015 13:56",5.1,13257
"01/04/2015 13:57",4.3,17469
"01/04/2015 13:58",3.6,17820
"01/04/2015 13:59",3.2,16231
"01/04/2015 14:00",2.7,15243
"01/04/2015 14:01",2.4,13292
"01/04/2015 14:02",2.3,13125
"01/04/2015 14:03",2,12950
"01/04/2015 14:04",1.9,11103
"01/04/2015 14:05",1.8,10774
"01/04/2015 14:06",1.8,9746
"01/04/2015 14:07",1.6,12806
"01/04/2015 14:08",1.5,7329
"01/04/2015 14:09",1,7719
"01/04/2015 14:10",1.9,11089
"01/04/2015 14:11",1.9,8497
"01/04/2015 14:12",1.6,7448
"01/04/2015 14:13",1.3,7396
"01/04/2015 14:14",1.4,6851
"01/04/2015 14:15",1.2,6163
"01/04/2015 14:16",1.2,6407
"01/04/2015 14:17",1.1,7029
"01/04/2015 14:18",1.1,6225
"01/04/2015 14:19",1.2,5624
"01/04/2015 14:20",1.2,5728
"01/04/2015 14:21",1.1,6144
"01/04/2015 14:22",1.6,5947
"01/04/2015 14:23",0.4,4860
"01/04/2015 14:24",0.9,5331
"01/04/2015 14:25",1.1,4856
"01/04/2015 14:26",0.8,5467
"01/04/2015 14:27",1,6247
"01/04/2015 14:28",0.8,5770
"01/04/2015 14:29",0.8,5252
"01/04/2015 14:30",0.8,5401
"01/04/2015 14:31",0.8,5780
"01/04/2015 14:32",1,5531
"01/04/2015 14:33",0.8,5771
"01/04/2015 14:34",1.4,9999
"01/04/2015 14:35",1.9,9999
"09/04/2015 08:16",2.6,9999
"09/04/2015 08:17",3,9999
"09/04/2015 08:18",3.3,16224
"09/04/2015 08:19",3.7,14961
"09/04/2015 08:20",3.5,14170
"09/04/2015 08:21",3,12880
"09/04/2015 08:22",2.9,11218
"09/04/2015 08:23",2.6,10047
"09/04/2015 08:24",2.6,9378
"09/04/2015 08:25",2.6,8867
"09/04/2015 08:26",3,9065
"09/04/2015 08:27",3.1,10613
"09/04/2015 08:28",2.8,10052
"09/04/2015 08:29",3,9308
"09/04/2015 08:30",3,7947
"09/04/2015 08:31",2.7,8008
"09/04/2015 08:32",2.8,7256
"09/04/2015 08:33",2.6,7070
"09/04/2015 08:34",2.4,6640
"09/04/2015 08:35",2.8,6710
"09/04/2015 08:36",2.6,6249
"09/04/2015 08:37",3.2,7999
"09/04/2015 08:38",2.9,8190
"09/04/2015 08:39",2.7,8527
"09/04/2015 08:40",2.7,8288
"09/04/2015 08:41",2.6,7288
"09/04/2015 08:42",2.5,7044
"09/04/2015 08:43",2.8,7946
"09/04/2015 08:44",2.8,9166
"09/04/2015 08:45",3.2,9691
"09/04/2015 08:46",2.7,9398
"09/04/2015 08:47",2.7,9449
"09/04/2015 08:48",3.2,9385
"09/04/2015 08:49",3,9171
"09/04/2015 08:50",2.9,9154
"09/04/2015 08:51",3,8656
"09/04/2015 08:52",3.2,9139
"09/04/2015 08:53",3.2,9780
"09/04/2015 08:54",3.1,9208
"09/04/2015 08:55",2.9,8477
"09/04/2015 08:56",2.8,8240
"09/04/2015 08:57",2.8,7928
"09/04/2015 08:58",2.9,7178
"09/04/2015 08:59",2.8,6745
"09/04/2015 09:00",2.8,6598
"09/04/2015 09:01",2.8,6469
"09/04/2015 09:02",2.7,6163
"09/04/2015 09:03",2.7,6477
"09/04/2015 09:04",2.8,6277
"09/04/2015 09:05",2.8,5963
"09/04/2015 09:06",2.8,6166
"09/04/2015 09:07",2.9,5873
"09/04/2015 09:08",2.7,6579
"09/04/2015 09:09",2.4,6323
"09/04/2015 09:10",1.4,6475
"09/04/2015 09:11",2.5,6423
"09/04/2015 09:12",3.2,7520
"09/04/2015 09:13",4.6,7580
"09/04/2015 09:14",5.5,9654
"09/04/2015 09:15",4.6,8248
"09/04/2015 09:16",4.2,8333
"09/04/2015 09:17",4.1,9351
"09/04/2015 09:18",4,9041
"09/04/2015 09:19",3.4,8045
"09/04/2015 09:20",3.3,7223
"09/04/2015 09:21",3,6608
"09/04/2015 09:22",3,6414
"09/04/2015 09:23",3,6271
"09/04/2015 09:24",3.3,6741
"09/04/2015 09:25",2.9,5979
"09/04/2015 09:26",2.6,5714
"09/04/2015 09:27",3,5484
"09/04/2015 09:28",2.8,5266
"09/04/2015 09:29",2.7,5186
"09/04/2015 09:30",2.5,5150
"09/04/2015 09:31",2.5,5806
"09/04/2015 09:32",2.5,5653
"09/04/2015 09:33",2.4,6048
"09/04/2015 09:34",3.1,6604
"09/04/2015 09:35",2.8,6038
"09/04/2015 09:36",2.8,5429
"09/04/2015 09:37",3.2,5740
"09/04/2015 09:38",3.1,6191
"09/04/2015 09:39",3,6101
"09/04/2015 09:40",2.9,5538
"09/04/2015 09:41",2.5,5127
"09/04/2015 09:42",2.7,4962
"09/04/2015 09:43",2.6,4683
"09/04/2015 09:44",2.5,4187
"09/04/2015 09:45",2.6,3899
"09/04/2015 09:46",2.3,4275
"09/04/2015 09:47",2.4,4392
"09/04/2015 09:48",2.1,4130
"09/04/2015 09:49",2,4154
"09/04/2015 09:50",2.2,4013
"09/04/2015 09:51",2.5,4871
"09/04/2015 09:52",2.9,5616
"09/04/2015 09:53",3.4,4717
"09/04/2015 09:54",3.1,4756
"09/04/2015 09:55",3,5125
"09/04/2015 09:56",2.7,5290
"09/04/2015 09:57",2.9,4719
"09/04/2015 09:58",2.8,4905
"09/04/2015 09:59",2.7,4905
"09/04/2015 10:00",2.5,4445
"09/04/2015 10:01",3,4736
"09/04/2015 10:02",2.4,4831
"09/04/2015 10:03",2.5,4644
"09/04/2015 10:04",2.3,4481
"09/04/2015 10:05",2.1,4435
"09/04/2015 10:06",2.1,4049
"09/04/2015 10:07",2.1,3905
"09/04/2015 10:08",2,4609
"09/04/2015 10:09",2.8,5624
"09/04/2015 10:10",2.4,5774
"09/04/2015 10:11",2.5,5301
"09/04/2015 10:12",2.7,5377
"09/04/2015 10:13",2.8,5129
"09/04/2015 10:14",3.2,4912
"09/04/2015 10:15",3.9,4644
"09/04/2015 10:16",3.2,4961
"09/04/2015 10:17",3.1,5172
"09/04/2015 10:18",3.7,5362
"09/04/2015 10:19",3.9,4552
"09/04/2015 10:20",3.6,5006
"09/04/2015 10:21",3.4,4699
"09/04/2015 10:22",2.1,6315
"09/04/2015 10:23",2.6,8323
"09/04/2015 10:24",3.1,9201
"09/04/2015 10:25",3.3,9855
"09/04/2015 10:26",2.9,7569
"09/04/2015 10:27",5,9747
"09/04/2015 10:28",6.4,13600
"09/04/2015 10:29",5.7,12869
"09/04/2015 10:30",7.1,16054
"09/04/2015 10:31",5.9,15409
"09/04/2015 10:32",2.8,11279
"09/04/2015 10:33",3.1,12581
"09/04/2015 10:34",3.2,10709
"09/04/2015 10:35",3.1,9376
"09/04/2015 10:36",3.1,8124
"09/04/2015 10:37",3.2,6835
"09/04/2015 10:38",2.6,5853
"09/04/2015 10:39",2.7,5069
"09/04/2015 10:40",2.6,4686
"09/04/2015 10:41",3.3,5630
"09/04/2015 10:42",2.7,6048
"09/04/2015 10:43",2.8,6243
"09/04/2015 10:44",3.3,6171
"09/04/2015 10:45",3.4,7532
"09/04/2015 10:46",3.4,7092
"09/04/2015 10:47",2.8,7662
"09/04/2015 10:48",2.7,7778
"09/04/2015 10:49",1.9,8128
"09/04/2015 10:50",2.8,6968
"09/04/2015 10:51",2.7,6006
"09/04/2015 10:52",2.9,6322
"09/04/2015 10:53",3.1,6316
"09/04/2015 10:54",3,6768
"09/04/2015 10:55",3.2,6862
"09/04/2015 10:56",3.3,7290
"09/04/2015 10:57",2.9,7024
"09/04/2015 10:58",3,7389
"09/04/2015 10:59",2,7491
"09/04/2015 11:00",2.2,7439
"09/04/2015 11:01",2.8,6744
"09/04/2015 11:02",2.7,6830
"09/04/2015 11:03",2.6,6104
"09/04/2015 11:04",2.7,6220
"09/04/2015 11:05",2.7,6637
"09/04/2015 11:06",2.6,6907
"09/04/2015 11:07",3.4,7105
"09/04/2015 11:08",3.1,7583
"09/04/2015 11:09",3.4,7665
"09/04/2015 11:10",2.5,6915
"09/04/2015 11:11",2.6,6373
"09/04/2015 11:12",2.6,6097
"09/04/2015 11:13",2.5,5503
"09/04/2015 11:14",2.6,4869
"09/04/2015 11:15",2.9,4643
"09/04/2015 11:16",2.6,4493
"09/04/2015 11:17",3.1,4935
"09/04/2015 11:18",2.8,5665
"09/04/2015 11:19",3,6520
"09/04/2015 11:20",3.2,6849
"09/04/2015 11:21",3,6653
"09/04/2015 11:22",3.2,6383
"09/04/2015 11:23",3.2,5815
"09/04/2015 11:24",2.9,5599
"09/04/2015 11:25",3.4,6228
"09/04/2015 11:26",3.3,6507
"09/04/2015 11:27",3.2,6066
"09/04/2015 11:28",3.5,6613
"09/04/2015 11:29",3.3,6243
"09/04/2015 11:30",2.5,6388
"09/04/2015 11:31",3.3,6539
"09/04/2015 11:32",3.1,6506
"09/04/2015 11:33",3.2,8880
"09/04/2015 11:34",3.1,9095
"09/04/2015 11:35",3.9,8784
"09/04/2015 11:36",3.7,8898
"09/04/2015 11:37",3.6,7495
"09/04/2015 11:38",3.6,6663
"09/04/2015 11:39",3.5,6278
"09/04/2015 11:40",3.3,5877
"09/04/2015 11:41",3.2,6140
"09/04/2015 11:42",3.3,6151
"09/04/2015 11:43",5,8379
"09/04/2015 11:44",5.7,7674
"09/04/2015 11:45",7.1,7966
"09/04/2015 11:46",12.6,11140
"09/04/2015 11:47",16.9,13239
"09/04/2015 11:48",13.7,12243
"09/04/2015 11:49",11.8,12119
"09/04/2015 11:50",13.1,13621
"09/04/2015 11:51",15.3,14630
"09/04/2015 11:52",16.2,13769
"09/04/2015 11:53",18.6,12927
"09/04/2015 11:54",20.7,14123
"09/04/2015 11:55",21.5,15119
"09/04/2015 11:56",17.8,14357
"09/04/2015 11:57",14.9,12461
"09/04/2015 11:58",13.5,11118
"09/04/2015 11:59",10.7,10632
"09/04/2015 12:00",8.7,11107
"09/04/2015 12:01",9.7,11222
"09/04/2015 12:02",13.2,12263
"09/04/2015 12:03",15.1,12362
"09/04/2015 12:04",12.4,12946
"09/04/2015 12:05",10.7,12399
"09/04/2015 12:06",8.6,13781
"09/04/2015 12:07",6.2,16792
"09/04/2015 12:08",5.8,14403
"09/04/2015 12:09",6.8,12403
"09/04/2015 12:10",6.5,11819
"09/04/2015 12:11",6.4,11847
"09/04/2015 12:12",6.9,11329
"09/04/2015 12:13",7.4,12099
"09/04/2015 12:14",7.4,13264
"09/04/2015 12:15",7.7,13661
"09/04/2015 12:16",9.7,12543
"09/04/2015 12:17",8.7,11256
"09/04/2015 12:18",7.4,11215
"09/04/2015 12:19",6.4,11129
"09/04/2015 12:20",7,10914
"09/04/2015 12:21",6.7,10077
"09/04/2015 12:22",8.1,9437
"09/04/2015 12:23",11.3,10733
"09/04/2015 12:24",17.7,12010
"09/04/2015 12:25",19.7,11896
"09/04/2015 12:26",19.6,10962
"09/04/2015 12:27",19.1,12061
"09/04/2015 12:28",18,12761
"09/04/2015 12:29",19.3,13684
"09/04/2015 12:30",17.9,14087
"09/04/2015 12:31",19.8,13992
"22/04/2015 09:39",1.2,9999
"22/04/2015 09:40",1.3,9095
"22/04/2015 09:41",3.6,8694
"22/04/2015 09:42",1.1,8384
"22/04/2015 09:43",1.3,7468
"22/04/2015 09:44",6.6,7653
"22/04/2015 09:45",22.1,8773
"22/04/2015 09:46",2.2,12473
"22/04/2015 09:47",2.3,10753
"22/04/2015 09:48",2.2,9358
"22/04/2015 09:49",2,9055
"22/04/2015 09:50",2,9431
"22/04/2015 09:51",1.9,9733
"22/04/2015 09:52",1,10119
"22/04/2015 09:53",1.3,7851
"22/04/2015 09:54",3.4,8965
"22/04/2015 09:55",3.2,8434
"22/04/2015 09:56",4,8074
"22/04/2015 09:57",6.8,9533
"22/04/2015 09:58",19,11959
"22/04/2015 09:59",40,18192
"22/04/2015 10:00",54.8,21266
"22/04/2015 10:01",37.5,18849
"22/04/2015 10:02",45,19392
"22/04/2015 10:03",54,26921
"22/04/2015 10:04",54.3,25307
"22/04/2015 10:05",67.2,24932
"22/04/2015 10:06",72.2,29606
"22/04/2015 10:07",74.8,32561
"22/04/2015 10:08",76.1,35371
"22/04/2015 10:09",72.4,32561
"22/04/2015 10:10",72.8,31167
"22/04/2015 10:11",72.9,30010
"22/04/2015 10:12",55.2,26653
"22/04/2015 10:13",53.4,25456
"22/04/2015 10:14",59,26818
"22/04/2015 10:15",56.5,25255
"22/04/2015 10:16",51.3,22706
"22/04/2015 10:17",64.5,25117
"22/04/2015 10:18",56.8,25306
"22/04/2015 10:19",32.8,19961
"22/04/2015 10:20",28.7,20559
"22/04/2015 10:21",41.6,25392
"22/04/2015 10:22",30.2,16643
"22/04/2015 10:23",37.8,15535
"22/04/2015 10:24",44.1,16350
"22/04/2015 10:25",40.9,15429
"22/04/2015 10:26",44.8,14497
"22/04/2015 10:27",19.7,9564
"22/04/2015 10:28",10.6,6971
"22/04/2015 10:29",10.4,6657
"22/04/2015 10:30",5.9,5218
"22/04/2015 10:31",3.6,4577
"22/04/2015 10:32",3.6,5297
"22/04/2015 10:33",2.1,5682
"22/04/2015 10:34",7.1,5973
"22/04/2015 10:35",18.4,8319
"22/04/2015 10:36",22.2,9605
"22/04/2015 10:37",21.3,9037
"22/04/2015 10:38",15.6,7909
"22/04/2015 10:39",19.3,8535
"22/04/2015 10:40",18.9,10317
"22/04/2015 10:41",20.2,10288
"22/04/2015 10:42",9.8,7463
"22/04/2015 10:43",4.6,5108
"22/04/2015 10:44",3.6,4859
"22/04/2015 10:45",3,3986
"22/04/2015 10:46",2.6,3439
"22/04/2015 10:47",2,4794
"22/04/2015 10:48",2.5,4569
"22/04/2015 10:49",1.4,4328
"22/04/2015 10:50",2.1,3922
"22/04/2015 10:51",1.1,3653
"22/04/2015 10:52",0.9,3481
"22/04/2015 10:53",0.9,3496
"22/04/2015 10:54",1,3158
"22/04/2015 10:55",0.9,3199
"22/04/2015 10:56",1.9,3691
"22/04/2015 10:57",2,3647
"22/04/2015 10:58",2.7,3243
"22/04/2015 10:59",2,3248
"22/04/2015 11:00",2,3335
"22/04/2015 11:01",2.9,3797
"22/04/2015 11:02",3.7,3941
"22/04/2015 11:03",8.9,4385
"22/04/2015 11:04",21.2,6062
"22/04/2015 11:05",16.1,7222
"22/04/2015 11:06",18,7409
"22/04/2015 11:07",14.6,6928
"22/04/2015 11:08",18.2,6216
"22/04/2015 11:09",22.9,7417
"22/04/2015 11:10",22.1,8011
"22/04/2015 11:11",10.9,6229
"22/04/2015 11:12",5.7,5446
"22/04/2015 11:13",4.8,4993
"22/04/2015 11:14",4,4623
"22/04/2015 11:15",2.9,4269
"22/04/2015 11:16",1.5,3828
"22/04/2015 11:17",9.1,4026
"22/04/2015 11:18",11.2,4818
"22/04/2015 11:19",3.6,4741
"22/04/2015 11:20",11.3,4993
"22/04/2015 11:21",42.8,9870
"22/04/2015 11:22",45.2,11618
"22/04/2015 11:23",54.3,13519
"22/04/2015 11:24",51.7,14601
"22/04/2015 11:25",48.1,14016
"22/04/2015 11:26",42.8,16091
"22/04/2015 11:27",37.3,18632
"22/04/2015 11:28",29.1,17121
"22/04/2015 11:29",34.9,18568
"22/04/2015 11:30",41.9,18725
"22/04/2015 11:31",45,18428
"22/04/2015 11:32",52,18621
"22/04/2015 11:33",50.8,17910
"22/04/2015 11:34",47.8,17918
"22/04/2015 11:35",50.2,19743
"22/04/2015 11:36",58.1,22315
"22/04/2015 11:37",67.1,21706
"22/04/2015 11:38",70,23066
"22/04/2015 11:39",64.7,23273
"22/04/2015 11:40",69.7,25192
"22/04/2015 11:41",76.3,28381
"22/04/2015 11:42",73.2,28442
"22/04/2015 11:43",66.5,26858
"22/04/2015 11:44",81.3,24574
"22/04/2015 11:45",72.2,22357
"22/04/2015 11:46",68.2,22451
"22/04/2015 11:47",65.3,22176
"22/04/2015 11:48",57.4,19858
"22/04/2015 11:49",34.2,14367
"22/04/2015 11:50",26.8,12933
"22/04/2015 11:51",19.1,10267
"22/04/2015 11:52",5.8,7229
"22/04/2015 11:53",5.4,7537
"22/04/2015 11:54",3.8,6952
"22/04/2015 11:55",3.3,5885
"22/04/2015 11:56",3.2,5803
"22/04/2015 11:57",2.8,6214
"22/04/2015 11:58",3.2,6056
"22/04/2015 11:59",2.5,5105
"22/04/2015 12:00",2.4,4417
"22/04/2015 12:01",2.2,4728
"22/04/2015 12:02",2.8,4248
"22/04/2015 12:03",1.5,4865
"22/04/2015 12:04",0.9,5262
"22/04/2015 12:05",2.7,5677
"22/04/2015 12:06",1.5,18293
"22/04/2015 12:07",1.7,22498
"22/04/2015 12:08",1.3,8653
"22/04/2015 12:09",2.2,5812
"22/04/2015 12:10",2.8,6033
"22/04/2015 12:11",3.1,4804
"22/04/2015 12:12",2.8,4991
"22/04/2015 12:13",2.7,5823
"22/04/2015 12:14",2.4,5419
"22/04/2015 12:15",2.4,5464
"22/04/2015 12:16",2.3,4656
"22/04/2015 12:17",2.9,4880
"22/04/2015 12:18",4.1,6545
"22/04/2015 12:19",3.1,6740
"22/04/2015 12:20",57.2,8183
"22/04/2015 12:21",1.6,6386
"22/04/2015 12:22",2.1,5359
"22/04/2015 12:23",2.4,4621
"22/04/2015 12:24",15.9,4724
"22/04/2015 12:25",4.2,5129
"22/04/2015 12:26",4.2,5130
"22/04/2015 12:27",3,4686
"22/04/2015 12:28",2.4,4553
"22/04/2015 12:29",2.3,4926
"22/04/2015 12:30",2.6,4577
"22/04/2015 12:31",2.3,4549
"22/04/2015 12:32",3.4,5463
"22/04/2015 12:33",9.3,6942
"22/04/2015 12:34",4.7,5341
"22/04/2015 12:35",5.8,6041
"22/04/2015 12:36",7.7,7882
"22/04/2015 12:37",8.2,6445
"22/04/2015 12:38",9.7,6567
"22/04/2015 12:39",9.6,8320
"22/04/2015 12:40",9,8095
"22/04/2015 12:41",9.4,7805
"22/04/2015 12:42",10.7,8443
"22/04/2015 12:43",9,8484
"22/04/2015 12:44",7.1,7947
"22/04/2015 12:45",2.9,5491
"22/04/2015 12:46",5.6,7317
"22/04/2015 12:47",4.1,6979
"22/04/2015 12:48",6,12042
"22/04/2015 12:49",7.2,12919
"22/04/2015 12:50",6.7,11707
"22/04/2015 12:51",7.2,10895
"22/04/2015 12:52",4,6795
"22/04/2015 12:53",1.8,4695
"22/04/2015 12:54",1.5,4340
"22/04/2015 12:55",4.8,6130
"22/04/2015 12:56",1.4,4746
"22/04/2015 12:57",0.5,4171
"22/04/2015 12:58",1.2,3378
"22/04/2015 12:59",2.6,3513
"22/04/2015 13:00",3.7,3341
"22/04/2015 13:01",2.6,3210
"22/04/2015 13:02",3,3409
"22/04/2015 13:03",3,3458
"22/04/2015 13:04",3,3088
"22/04/2015 13:05",2.1,3236
"22/04/2015 13:06",1.5,2931
"22/04/2015 13:07",2.3,3332
"22/04/2015 13:08",3.1,5058
"22/04/2015 13:09",3.1,4205
"22/04/2015 13:10",2.7,4098
"22/04/2015 13:11",2.7,3874
"22/04/2015 13:12",3.3,4763
"22/04/2015 13:13",3.6,5474
"22/04/2015 13:14",3.2,5115
"22/04/2015 13:15",2.9,5066
"22/04/2015 13:16",3.2,6088
"22/04/2015 13:17",2.8,5538
"22/04/2015 13:18",2.8,4283
2015-04-22 13:19,2.5,4221
"22/04/2015 13:20",3,5082
"22/04/2015 13:21",4.4,7304
"22/04/2015 13:22",4.2,7292
"22/04/2015 13:23",4.9,11321
"22/04/2015 13:24",3.9,11212
"22/04/2015 13:25",3.5,8688
"22/04/2015 13:26",4,7893
"22/04/2015 13:27",7.1,7390
"22/04/2015 13:28",11.7,8529
"22/04/2015 13:29",29.9,12264
"22/04/2015 13:30",47.6,17721
"22/04/2015 13:31",49.8,18152
"22/04/2015 13:32",42,16327
"22/04/2015 13:33",48.6,20756
"22/04/2015 13:34",62.2,25686
"22/04/2015 13:35",67.2,27904
"22/04/2015 13:36",67.4,28688
"22/04/2015 13:37",84.2,36786
