DateTime,BC,PCNT
2014-12-08 09:07,66,0
2014-12-08 09:08,44.7,0
2014-12-08 09:09,45.7,0
2014-12-08 09:10,47.6,34112
2014-12-08 09:11,45.9,29291
2014-12-08 09:12,48.3,30843
2014-12-08 09:13,54.6,28477
2014-12-08 09:14,50,24538
2014-12-08 09:15,35.3,19416
2014-12-08 09:16,31.7,19033
2014-12-08 09:17,34,19609
2014-12-08 09:18,36.2,20322
2014-12-08 09:19,43,20382
2014-12-08 09:20,13.8,9980
2014-12-08 09:21,39.9,22946
2014-12-08 09:22,53.7,23032
2014-12-08 09:23,41.6,21639
2014-12-08 09:24,40.3,20920
2014-12-08 09:25,32.1,14528
2014-12-08 09:26,24.8,13607
2014-12-08 09:27,53.2,17891
2014-12-08 09:28,69.9,19968
2014-12-08 09:29,79,21909
2014-12-08 09:30,85.5,19046
2014-12-08 09:31,67.1,16758
2014-12-08 09:32,65.8,16865
2014-12-08 09:33,54.7,14242
2014-12-08 09:34,23.6,11300
2014-12-08 09:35,31.5,14243
2014-12-08 09:36,44.6,17331
2014-12-08 09:37,34.1,19282
2014-12-08 09:38,46.1,23980
2014-12-08 09:39,32.1,21144
2014-12-08 09:40,30.1,20671
2014-12-08 09:41,39,19794
2014-12-08 09:42,30.1,13933
2014-12-08 09:43,15.6,12942
2014-12-08 09:44,29.4,13051
2014-12-08 09:45,30.7,14015
2014-12-08 09:46,25.4,15509
2014-12-08 09:47,39.4,15507
2014-12-08 09:48,45.3,14114
2014-12-08 09:49,35.5,12919
2014-12-08 09:50,35.2,13642
2014-12-08 09:51,54.2,15297
2014-12-08 09:52,54,14975
2014-12-08 09:53,62.8,14282
2014-12-08 09:54,60.3,14241
2014-12-08 09:55,37.1,12754
2014-12-08 09:56,21.8,13044
2014-12-08 09:57,18.6,17790
2014-12-08 09:58,12,18402
2014-12-08 09:59,20.6,14536
2014-12-08 10:00,25.3,12225
2014-12-08 10:01,31.3,13879
2014-12-08 10:02,18.4,11527
2014-12-08 10:03,20.4,11156
2014-12-08 10:04,37.6,11915
2014-12-08 10:05,51,12143
2014-12-08 10:06,47.2,11961
2014-12-08 10:07,35.3,10131
2014-12-08 10:08,52.4,10968
2014-12-08 10:09,26.5,8253
2014-12-08 10:10,36.1,11464
2014-12-08 10:11,53.5,17096
2014-12-08 10:12,28.9,13107
2014-12-08 10:13,39.7,12425
2014-12-08 10:14,24.6,9256
2014-12-08 10:15,32.8,10221
2014-12-08 10:16,33.9,9751
2014-12-08 10:17,33.4,11305
2014-12-08 10:18,38.4,12598
2014-12-08 10:19,46.4,14061
2014-12-08 10:20,43.4,16290
2014-12-08 10:21,32.3,14012
2014-12-08 10:22,23.4,11751
2014-12-08 10:23,25.5,13428
2014-12-08 10:24,26.2,14806
2014-12-08 10:25,28.8,13017
2014-12-08 10:26,26.3,10803
2014-12-08 10:27,20.7,10258
2014-12-08 10:28,24.6,8541
2014-12-08 10:29,31.1,8741
2014-12-08 10:30,42.2,10656
2014-12-08 10:31,38.7,10643
2014-12-08 10:32,45.4,11920
2014-12-08 10:33,53.6,13893
2014-12-08 10:34,53.5,15427
2014-12-08 10:35,55.2,16478
2014-12-08 10:36,64.2,18030
2014-12-08 10:37,69.9,16843
2014-12-08 10:38,62.9,15116
2014-12-08 10:39,12.5,7641
2014-12-08 10:40,14.7,7495
2014-12-10 10:52,4.3,9803
2014-12-10 10:53,4.2,9163
2014-12-10 10:54,3.7,8230
2014-12-10 10:55,3.1,7279
2014-12-10 10:56,2.7,7448
2014-12-10 10:57,2.3,8407
2014-12-10 10:58,2.4,8889
2014-12-10 10:59,2.4,9678
2014-12-10 11:00,2.5,9414
2014-12-10 11:01,2.3,8520
2014-12-10 11:02,3.7,8634
2014-12-10 11:03,4.2,7780
2014-12-10 11:04,2.7,6453
2014-12-10 11:05,3.5,6203
2014-12-10 11:06,3.7,5439
2014-12-10 11:07,4.3,5637
2014-12-10 11:08,12,16738
2014-12-10 11:09,11.5,16037
2014-12-10 11:10,26.2,16962
2014-12-10 11:11,27.6,15071
2014-12-10 11:12,25.7,12469
2014-12-10 11:13,23.4,11072
2014-12-10 11:14,21,10987
2014-12-10 11:15,12.2,11832
2014-12-10 11:16,15.6,12816
2014-12-10 11:17,20,16021
2014-12-10 11:18,16.9,14508
2014-12-10 11:19,8.9,9979
2014-12-10 11:20,10,10659
2014-12-10 11:21,19,11364
2014-12-10 11:22,16.8,9885
2014-12-10 11:23,16,9030
2014-12-10 11:24,19.9,9977
2014-12-10 11:25,21.6,10837
2014-12-10 11:26,18.7,11569
2014-12-10 11:27,16.3,11710
2014-12-10 11:28,13.2,11900
2014-12-10 11:29,11,12372
2014-12-10 11:30,8.6,11659
2014-12-10 11:31,7.5,12636
2014-12-10 11:32,7.4,13847
2014-12-10 11:33,7.8,12978
2014-12-10 11:34,7.5,11075
2014-12-10 11:35,5.9,10221
2014-12-10 11:36,4.6,10463
2014-12-10 11:37,2.9,10191
2014-12-10 11:38,3.8,10219
2014-12-10 11:39,4.8,8925
2014-12-10 11:40,6,8361
2014-12-10 11:41,7.2,8458
2014-12-10 11:42,11,9978
2014-12-10 11:43,33.2,15002
2014-12-10 11:44,23.2,12369
2014-12-10 11:45,20.1,12299
2014-12-10 11:46,15.3,11117
2014-12-10 11:47,11.2,10368
2014-12-10 11:48,8.2,11186
2014-12-10 11:49,5.2,12573
2014-12-10 11:50,6,12660
2014-12-10 11:51,5.8,12842
2014-12-10 11:52,4.3,10040
2014-12-10 11:53,3.6,9320
2014-12-10 11:54,2.9,8779
2014-12-10 11:55,3,7662
2014-12-10 11:56,2.3,7928
2014-12-10 11:57,2.4,9013
2014-12-10 11:58,2.4,9941
2014-12-10 11:59,2,9871
2014-12-10 12:00,1.8,8467
2014-12-10 12:01,1.3,7313
2014-12-10 12:02,1.1,9270
2014-12-10 12:03,1.5,9209
2014-12-10 12:04,3.3,8951
2014-12-10 12:05,2.6,8021
2014-12-10 12:06,1.8,7994
2014-12-10 12:07,1.3,11194
2014-12-10 12:08,1.7,10916
2014-12-10 12:09,1.6,10469
2014-12-10 12:10,1.6,12685
2014-12-10 12:11,2.1,14267
2014-12-10 12:12,2.2,14239
2014-12-10 12:13,2,12870
2014-12-10 12:14,2.3,10326
2014-12-10 12:15,1.1,7597
2014-12-10 12:16,1.2,6785
2014-12-10 12:17,1,5760
2014-12-10 12:18,1.5,5812
2014-12-10 12:19,1.8,5791
2014-12-10 12:20,2.5,6511
2014-12-10 12:21,2.7,5904
2014-12-10 12:22,3.3,6889
2014-12-10 12:23,3.8,6495
2014-12-10 12:24,3.3,6690
2014-12-10 12:25,2.5,6162
2014-12-10 12:26,3.1,10143
2014-12-10 12:27,4.1,11965
2014-12-10 12:28,5.1,10966
2014-12-10 12:29,5.4,13016
2014-12-10 12:30,6.1,12913
2014-12-10 12:31,9.5,12771
2014-12-10 12:32,10.2,13021
2014-12-10 12:33,12.2,13193
2014-12-10 12:34,16,12452
2014-12-10 12:35,19.1,11507
2014-12-10 12:36,23.9,11470
2014-12-10 12:37,23.2,11671
2014-12-10 12:38,23.1,11628
2014-12-10 12:39,16.5,10140
2014-12-10 12:40,13.3,8894
2014-12-10 12:41,7.8,8070
2014-12-10 12:42,8,7700
2014-12-10 12:43,4.4,9378
2014-12-10 12:44,5.2,9611
2014-12-10 12:45,7.2,10994
2014-12-10 12:46,7.8,13307
2014-12-10 12:47,10.2,15274
2014-12-10 12:48,8.1,12917
2014-12-10 12:49,6.5,15053
2014-12-10 12:50,7.1,15656
2014-12-10 12:51,13.6,15945
2014-12-10 12:52,11.8,15097
2014-12-10 12:53,11.7,13875
2014-12-10 12:54,13.9,13860
2014-12-10 12:55,23.7,12785
2014-12-10 12:56,18.5,12429
2014-12-10 12:57,14.8,10938
2014-12-10 12:58,12.8,10056
2014-12-10 12:59,8.9,9056
2014-12-10 13:00,7.8,9098
2014-12-10 13:01,16.2,10927
2014-12-10 13:02,11.8,11953
2014-12-10 13:03,22.5,15281
2014-12-10 13:04,19.8,12009
2014-12-10 13:05,22.2,11164
2014-12-10 13:06,26.6,13376
2014-12-10 13:07,32.7,14640
2014-12-10 13:08,18.8,12400
2014-12-10 13:09,16.6,10724
2014-12-10 13:10,13.1,9191
2014-12-10 13:11,13.3,7397
2014-12-10 13:12,9.7,7016
2014-12-10 13:13,6.7,9066
2014-12-10 13:14,6,10667
2014-12-10 13:15,5.6,11483
2014-12-10 13:16,4.1,12160
2014-12-10 13:17,4,10809
2014-12-10 13:18,3,10174
2014-12-10 13:19,2.8,9662
2014-12-10 13:20,2.9,9058
2014-12-10 13:21,3.6,9228
2014-12-10 13:22,2.9,9221
2014-12-10 13:23,4.7,8887
2014-12-10 13:24,4.1,11180
2014-12-10 13:25,2.4,15539
2014-12-10 13:26,3.3,13901
2014-12-10 13:27,3.5,14055
2014-12-10 13:28,3.7,13378
2014-12-10 13:29,3.5,16114
2014-12-10 13:30,5.1,16914
2014-12-10 13:31,6.1,18930
2014-12-10 13:32,8.2,9999
2014-12-16 08:09,6.7,9999
2014-12-16 08:10,8.6,6874
2014-12-16 08:11,7.6,12576
2014-12-16 08:12,13.4,22254
2014-12-16 08:13,25.1,22115
2014-12-16 08:14,34.6,23263
2014-12-16 08:15,48.9,22403
2014-12-16 08:16,53.3,23389
2014-12-16 08:17,59.7,22323
2014-12-16 08:18,57.7,24126
2014-12-16 08:19,54.6,25251
2014-12-16 08:20,55.1,22247
2014-12-16 08:21,49.8,19467
2014-12-16 08:22,42.2,18289
2014-12-16 08:23,39,19754
2014-12-16 08:24,40.5,19847
2014-12-16 08:25,45,20011
2014-12-16 08:26,43.2,20011
2014-12-16 08:27,41.9,24390
2014-12-16 08:28,44.9,27800
2014-12-16 08:29,54.8,27747
2014-12-16 08:30,49.7,28107
2014-12-16 08:31,58.4,36993
2014-12-16 08:32,55,38902
2014-12-16 08:33,65.1,55730
2014-12-16 08:34,67.7,55024
2014-12-16 08:35,70.8,47792
2014-12-16 08:36,65.6,47865
2014-12-16 08:37,65.1,46749
2014-12-16 08:38,58.2,37754
2014-12-16 08:39,61.8,36483
2014-12-16 08:40,72,33985
2014-12-16 08:41,62.3,32736
2014-12-16 08:42,67.4,32349
2014-12-16 08:43,62.5,28184
2014-12-16 08:44,62.8,27927
2014-12-16 08:45,50.8,26359
2014-12-16 08:46,48,25209
2014-12-16 08:47,48.5,24145
2014-12-16 08:48,51.7,22649
2014-12-16 08:49,52.2,21679
2014-12-16 08:50,54,19510
2014-12-16 08:51,58.2,19802
2014-12-16 08:52,52.4,19217
2014-12-16 08:53,48,19635
2014-12-16 08:54,50.2,17632
2014-12-16 08:55,56.4,18961
2014-12-16 08:56,59.9,19415
2014-12-16 08:57,62.6,19454
2014-12-16 08:58,63.2,19837
2014-12-16 08:59,55.1,17632
2014-12-16 09:00,33.6,15121
2014-12-16 09:01,44.5,15177
2014-12-16 09:02,49.8,14865
2014-12-16 09:03,55.6,13558
2014-12-16 09:04,36.6,11575
2014-12-16 09:05,18.2,11156
2014-12-16 09:06,16.1,12681
2014-12-16 09:07,14.8,13319
2014-12-16 09:08,14.1,14851
2014-12-16 09:09,11,15418
2014-12-16 09:10,10.7,14123
2014-12-16 09:11,10.1,13950
2014-12-16 09:12,9.5,13648
2014-12-16 09:13,8.9,13485
2014-12-16 09:14,7.4,13299
2014-12-16 09:15,6.8,12592
2014-12-16 09:16,5.9,9953
2014-12-16 09:17,6.8,9593
2014-12-16 09:18,5.8,9837
2014-12-16 09:19,6,9687
2014-12-16 09:20,3.7,10526
2014-12-16 09:21,2.7,7910
2014-12-16 09:22,5.5,8453
2014-12-16 09:23,5.2,8182
2014-12-16 09:24,3.9,6947
2014-12-16 09:25,3.1,5770
2014-12-16 09:26,4,5575
2014-12-16 09:27,4.9,5904
2014-12-16 09:28,4.1,5787
2014-12-16 09:29,4.3,5642
2014-12-16 09:30,5.2,5749
2014-12-16 09:31,4.8,5880
2014-12-16 09:32,5.9,5327
2014-12-16 09:33,5.5,5728
2014-12-16 09:34,6.2,5836
2014-12-16 09:35,7.4,5729
2014-12-16 09:36,8.5,6084
2014-12-16 09:37,9.4,6853
2014-12-16 09:38,7.6,6179
2014-12-16 09:39,7.8,6920
2014-12-16 09:40,8,7651
2014-12-16 09:41,8.2,7612
2014-12-16 09:42,8.3,10193
2014-12-16 09:43,13.5,11416
2014-12-16 09:44,34.3,11927
2014-12-16 09:45,39.9,12996
2014-12-16 09:46,38.4,12399
2014-12-16 09:47,39.7,11926
2014-12-16 09:48,45.6,12426
2014-12-16 09:49,48.9,12732
2014-12-16 09:50,52.9,13294
2014-12-16 09:51,48.5,13356
2014-12-16 09:52,49.5,13029
2014-12-16 09:53,48.9,14200
2014-12-16 09:54,49,13751
2014-12-16 09:55,48.3,11670
2014-12-16 09:56,56.3,10059
2014-12-16 09:57,50.7,8895
2014-12-16 09:58,46.4,8187
2014-12-16 09:59,45.5,9095
2014-12-16 10:00,56.8,9908
2014-12-16 10:01,42.6,10771
2014-12-16 10:02,35.4,11374
2014-12-16 10:03,39.6,12568
2014-12-16 10:04,39.5,15031
2014-12-16 10:05,46.9,16912
2014-12-16 10:06,65.2,19134
2014-12-16 10:07,80.5,20216
2014-12-16 10:08,54.6,20627
2014-12-16 10:09,64.5,19533
2014-12-16 10:10,57.8,19537
2014-12-16 10:11,46.9,19423
2014-12-16 10:12,45.2,19467
2014-12-16 10:13,48.3,18282
2014-12-16 10:14,60.2,18642
2014-12-16 10:15,74.1,18158
2014-12-16 10:16,73.8,18262
2014-12-16 10:17,58,17538
2014-12-16 10:18,48.9,18533
2014-12-16 10:19,47.2,17357
2014-12-16 10:20,48.3,17619
2014-12-16 10:21,46.5,18117
2014-12-16 10:22,42.5,16756
2014-12-16 10:23,42,16782
2014-12-16 10:24,41,16581
2014-12-16 10:25,43.1,16523
2014-12-16 10:26,39.6,16776
2014-12-16 10:27,42.6,15680
2014-12-16 10:28,44.9,14705
2014-12-16 10:29,46.9,16771
2014-12-16 10:30,40.2,16386
2014-12-16 10:31,37.8,17497
2014-12-16 10:32,44.7,17740
2014-12-16 10:33,43.6,16919
2014-12-16 10:34,52.2,16538
2014-12-16 10:35,53.7,15600
2014-12-16 10:36,50.1,16617
2014-12-16 10:37,53.4,16316
2014-12-16 10:38,48.8,14630
2014-12-16 10:39,42.4,13499
2014-12-16 10:40,38.9,14363
2014-12-16 10:41,34.7,13791
2014-12-16 10:42,34.4,13260
2014-12-16 10:43,21.5,13439
2014-12-16 10:44,7.4,11888
2014-12-16 10:45,8,12181
2014-12-16 10:46,6.6,12252
2014-12-16 10:47,6.8,11324
2014-12-16 10:48,5.5,10409
2014-12-16 10:49,4,10769
2014-12-16 10:50,3.8,10372
2014-12-16 10:51,4.1,10987
2014-12-16 10:52,4.9,9885
2014-12-16 10:53,5,10293
2014-12-16 10:54,5.3,10057
2014-12-16 10:55,4.5,10003
2014-12-16 10:56,4.4,10029
2014-12-16 10:57,6.3,9599
2014-12-16 10:58,3.6,9016
2014-12-16 10:59,3.8,8327
2014-12-16 11:00,5,8216
2014-12-16 11:01,5.4,9159
2014-12-16 11:02,4.4,11046
2014-12-16 11:03,4.1,12274
2014-12-16 11:04,3.2,8036
2014-12-16 11:05,6.6,9734
2014-12-16 11:06,5.8,9331
2014-12-16 11:07,6.2,10225
2014-12-16 11:08,5.6,10005
2014-12-16 11:09,5.4,8967
2014-12-16 11:10,4.9,10100
2014-12-16 11:11,4.4,10150
2014-12-16 11:12,4.9,12326
2014-12-16 11:13,5.1,11984
2014-12-16 11:14,5.1,11688
2014-12-16 11:15,5.1,11257
2014-12-16 11:16,4.9,13148
2014-12-16 11:17,5.1,12198
2014-12-16 11:18,5.1,10998
2014-12-16 11:19,4.1,10843
2014-12-16 11:20,5.1,14525
2014-12-16 11:21,12.3,14377
2014-12-16 11:22,24.1,14374
2014-12-16 11:23,32.3,13779
2014-12-16 11:24,39.3,13781
2014-12-16 11:25,38.7,14848
2014-12-16 11:26,44.8,16503
2014-12-16 11:27,50,17030
2014-12-16 11:28,52,15994
2014-12-16 11:29,49.5,16242
2014-12-16 11:30,52.6,17991
2014-12-16 11:31,48.8,17143
2014-12-16 11:32,51.3,16661
2014-12-16 11:33,54.8,15270
2014-12-16 11:34,50.5,14078
2014-12-16 11:35,48.7,15088
2014-12-16 11:36,50.5,14468
2014-12-16 11:37,44.5,15117
2014-12-16 11:38,43,15919
2014-12-16 11:39,40,16075
2014-12-16 11:40,39.6,17380
2014-12-16 11:41,39.1,19666
2014-12-16 11:42,42,17724
2014-12-16 11:43,39.9,16370
2014-12-16 11:44,44.5,14818
2014-12-16 11:45,59.5,14124
2014-12-16 11:46,55.2,14592
2014-12-16 11:47,47.6,13464
2014-12-16 11:48,54,14901
2014-12-16 11:49,53.6,15495
2014-12-16 11:50,54,15211
2014-12-16 11:51,53,15640
2014-12-16 11:52,54.1,13368
2014-12-16 11:53,61.9,13076
2014-12-16 11:54,46.7,13814
2014-12-16 11:55,55.7,16753
2014-12-16 11:56,51.3,16056
2014-12-16 11:57,69.3,17089
2014-12-16 11:58,50.9,17515
2014-12-16 11:59,53.3,19131
2014-12-16 12:00,43.7,17351
2014-12-16 12:01,43,16463
2014-12-16 12:02,35.9,15757
2014-12-16 12:03,35.5,14779
2014-12-16 12:04,30.3,15135
2014-12-16 12:05,29.6,14758
2014-12-16 12:06,32,13476
2014-12-16 12:07,35.4,12768
2014-12-16 12:08,39.8,12315
2014-12-16 12:09,49.2,13710
2014-12-16 12:10,46.6,13202
2014-12-16 12:11,43,12483
2014-12-16 12:12,43.1,11169
2014-12-16 12:13,48.7,11668
2014-12-16 12:14,34.2,10166
2014-12-16 12:15,3.4,6742
2014-12-16 12:16,5.7,9999
2015-02-04 08:07,13.8,9999
2015-02-04 08:08,13.4,19613
2015-02-04 08:09,47.5,25087
2015-02-04 08:10,38.7,21534
2015-02-04 08:11,26.7,21820
2015-02-04 08:12,23.8,28136
2015-02-04 08:13,77.6,27445
2015-02-04 08:14,78.3,31075
2015-02-04 08:15,101.3,27050
2015-02-04 08:16,89.7,26981
2015-02-04 08:17,104,24171
2015-02-04 08:18,97.8,19979
2015-02-04 08:19,95.7,18261
2015-02-04 08:20,97.7,17322
2015-02-04 08:21,136.5,19332
2015-02-04 08:22,98.2,16134
2015-02-04 08:23,84.3,15356
2015-02-04 08:24,102.8,16817
2015-02-04 08:25,110,19903
2015-02-04 08:26,129,19634
2015-02-04 08:27,128.1,17641
2015-02-04 08:28,126.1,14871
2015-02-04 08:29,99.5,14987
2015-02-04 08:30,107.3,15011
2015-02-04 08:31,119.4,17738
2015-02-04 08:32,152.2,16625
2015-02-04 08:33,124.2,16297
2015-02-04 08:34,100,13712
2015-02-04 08:35,88.3,13051
2015-02-04 08:36,101.1,14503
2015-02-04 08:37,95.9,13608
2015-02-04 08:38,98.7,14031
2015-02-04 08:39,45.9,6901
2015-02-04 08:40,14.4,8564
2015-02-04 08:41,19.6,8336
2015-02-04 08:42,22.7,10316
2015-02-04 08:43,35.5,11757
2015-02-04 08:44,23.8,9578
2015-02-04 08:45,14.8,9957
2015-02-04 08:46,14.8,4761
2015-02-04 08:47,22.6,3221
2015-02-04 08:48,36.2,3561
2015-02-04 08:49,38.8,3157
2015-02-04 08:50,22.6,4527
2015-02-04 08:51,14.4,4355
2015-02-04 08:52,26.9,5517
2015-02-04 08:53,24,6224
2015-02-04 08:54,37.6,5287
2015-02-04 08:55,26.4,4137
2015-02-04 08:56,31.6,3083
2015-02-04 08:57,18.6,2864
2015-02-04 08:58,34.2,2612
2015-02-04 08:59,26,3183
2015-02-04 09:00,45,4317
2015-02-04 09:01,30.9,5239
2015-02-04 09:02,19.4,4734
2015-02-04 09:03,19.7,5403
2015-02-04 09:04,20.5,7135
2015-02-04 09:05,20.6,5571
2015-02-04 09:06,4.6,3941
2015-02-04 09:07,5.2,4666
2015-02-04 09:08,10.2,4289
2015-02-04 09:09,1.5,4252
2015-02-04 09:10,2.2,4890
2015-02-04 09:11,3.3,5705
2015-02-04 09:12,4.3,9722
2015-02-04 09:13,3.6,10671
2015-02-04 09:14,11.5,11842
2015-02-04 09:15,12.6,12418
2015-02-04 09:16,29.2,18449
2015-02-04 09:17,24.6,22354
2015-02-04 09:18,33.3,28355
2015-02-04 09:19,27.9,32052
2015-02-04 09:20,28.3,28373
2015-02-04 09:21,24,19055
2015-02-04 09:22,23.2,13672
2015-02-04 09:23,15.2,10646
2015-02-04 09:24,18.8,9222
2015-02-04 09:25,23.4,8267
2015-02-04 09:26,27.6,8131
2015-02-04 09:27,22.5,8007
2015-02-04 09:28,14.7,7252
2015-02-04 09:29,17.5,6921
2015-02-04 09:30,13.7,5952
2015-02-04 09:31,27,6334
2015-02-04 09:32,31.2,6522
2015-02-04 09:33,25.5,6329
2015-02-04 09:34,22.5,5231
2015-02-04 09:35,20.2,5180
2015-02-04 09:36,16.2,5710
2015-02-04 09:37,8.5,7943
2015-02-04 09:38,5,8140
2015-02-04 09:39,41.8,11391
2015-02-04 09:40,85.3,13453
2015-02-04 09:41,89.6,12770
2015-02-04 09:42,82.1,12757
2015-02-04 09:43,81.3,9999
2015-02-04 09:44,98.7,9999
2015-02-04 09:45,103.3,9999
2015-02-04 09:46,98.1,9999
2015-02-04 09:47,104.5,9999
2015-02-04 09:48,111.5,9999
2015-02-04 09:49,115.6,9999
2015-02-04 09:50,103,9999
2015-02-04 09:51,96.5,9999
2015-02-04 09:52,101.9,9999
2015-02-04 09:53,101.5,9999
2015-02-04 09:54,100.3,9999
2015-02-04 09:55,103.7,9999
2015-02-04 09:56,94.8,9999
2015-02-04 09:57,94,9999
2015-02-04 09:58,85,9999
2015-02-04 09:59,80.9,9999
2015-02-04 10:00,83.8,9999
2015-02-04 10:01,77.6,9999
2015-02-04 10:02,76.1,9999
2015-02-04 10:03,74.7,9999
2015-02-04 10:04,41.7,9999
2015-02-04 10:05,29.5,9999
2015-02-17 09:43,0.2,9999
2015-02-17 09:44,-0.7,9999
2015-02-17 09:45,-0.8,5687
2015-02-17 09:46,0,9171
2015-02-17 09:47,0.7,6075
2015-02-17 09:48,1.6,7560
2015-02-17 09:49,2,7708
2015-02-17 09:50,3,7328
2015-02-17 09:51,2.3,7349
2015-02-17 09:52,2.2,9083
2015-02-17 09:53,2.2,10577
2015-02-17 09:54,2.5,11100
2015-02-17 09:55,2.3,9918
2015-02-17 09:56,1.3,8296
2015-02-17 09:57,1.4,8109
2015-02-17 09:58,1.6,7714
2015-02-17 09:59,1.7,6728
2015-02-17 10:00,1,6604
2015-02-17 10:01,1.2,6641
2015-02-17 10:02,1.2,6575
2015-02-17 10:03,0.8,6135
2015-02-17 10:04,0.6,5906
2015-02-17 10:05,1.5,6751
2015-02-17 10:06,1,6252
2015-02-17 10:07,1.1,5918
2015-02-17 10:08,1.2,6277
2015-02-17 10:09,2,6285
2015-02-17 10:10,1.4,6261
2015-02-17 10:11,2,9577
2015-02-17 10:12,3.1,20730
2015-02-17 10:13,3.7,17739
2015-02-17 10:14,3.4,13356
2015-02-17 10:15,2.1,10126
2015-02-17 10:16,2.1,8581
2015-02-17 10:17,2.4,6638
2015-02-17 10:18,2.2,6037
2015-02-17 10:19,2.1,6260
2015-02-17 10:20,1.9,6088
2015-02-17 10:21,2.1,7088
2015-02-17 10:22,2.5,7739
2015-02-17 10:23,2.6,6921
2015-02-17 10:24,2.3,7340
2015-02-17 10:25,2.1,8030
2015-02-17 10:26,2.1,7995
2015-02-17 10:27,2.2,7445
2015-02-17 10:28,1.4,7426
2015-02-17 10:29,2.4,8371
2015-02-17 10:30,2.3,9604
2015-02-17 10:31,6.1,14562
2015-02-17 10:32,22.9,14857
2015-02-17 10:33,22.9,13555
2015-02-17 10:34,27.4,16170
2015-02-17 10:35,40.6,19003
2015-02-17 10:36,49.9,19896
2015-02-17 10:37,56.9,20753
2015-02-17 10:38,56.8,24228
2015-02-17 10:39,57.5,27792
2015-02-17 10:40,55.9,26542
2015-02-17 10:41,56.2,24834
2015-02-17 10:42,54.6,24104
2015-02-17 10:43,55.9,20963
2015-02-17 10:44,57.1,19407
2015-02-17 10:45,59.5,17544
2015-02-17 10:46,59.3,17725
2015-02-17 10:47,58.3,17044
2015-02-17 10:48,60.5,17633
2015-02-17 10:49,63.6,17807
2015-02-17 10:50,65.2,17646
2015-02-17 10:51,65,16538
2015-02-17 10:52,62.5,16540
2015-02-17 10:53,58.5,16736
2015-02-17 10:54,54.5,16309
2015-02-17 10:55,45.9,15742
2015-02-17 10:56,42,15618
2015-02-17 10:57,39.7,14661
2015-02-17 10:58,35.5,13378
2015-02-17 10:59,20.9,13025
2015-02-17 11:00,13.7,12140
2015-02-17 11:01,10.4,10349
2015-02-17 11:02,4.2,6207
2015-02-17 11:03,1.2,7408
2015-02-17 11:04,1.7,8167
2015-02-17 11:05,1.8,9341
2015-02-17 11:06,2.1,9512
2015-02-17 11:07,2.5,7788
2015-02-17 11:08,0.8,6778
2015-02-17 11:09,1,6799
2015-02-17 11:10,1.3,7595
2015-02-17 11:11,1.4,8876
2015-02-17 11:12,1.4,10097
2015-02-17 11:13,1.3,12618
2015-02-17 11:14,1.4,13433
2015-02-17 11:15,1.8,10813
2015-02-17 11:16,1.9,10465
2015-02-17 11:17,1.9,9679
2015-02-17 11:18,2.9,10419
2015-02-17 11:19,3,10692
2015-02-17 11:20,5.4,12384
2015-02-17 11:21,14.1,14478
2015-02-17 11:22,20.1,15595
2015-02-17 11:23,21.8,16214
2015-02-17 11:24,31.6,21415
2015-02-17 11:25,41.2,21674
2015-02-17 11:26,46.5,18125
2015-02-17 11:27,44.1,16662
2015-02-17 11:28,46.3,16186
2015-02-17 11:29,49.9,16800
2015-02-17 11:30,54.8,15786
2015-02-17 11:31,54,14765
2015-02-17 11:32,49,15145
2015-02-17 11:33,49.3,14550
2015-02-17 11:34,47.1,14369
2015-02-17 11:35,51.3,13614
2015-02-17 11:36,49.6,15616
2015-02-17 11:37,48.2,15605
2015-02-17 11:38,48.8,23427
2015-02-17 11:39,44.8,31697
2015-02-17 11:40,44.1,32929
2015-02-17 11:41,42.8,34188
2015-02-17 11:42,43.5,28996
2015-02-17 11:43,47,25346
2015-02-17 11:44,43.7,20719
2015-02-17 11:45,36.5,17089
2015-02-17 11:46,21.6,9134
2015-02-17 11:47,12.5,8297
2015-02-17 11:48,7.3,7363
2015-02-17 11:49,5.2,6413
2015-02-17 11:50,4.6,6062
2015-02-17 11:51,3.5,5733
2015-02-17 11:52,2.8,5543
2015-02-17 11:53,2.2,5341
2015-02-17 11:54,3.1,5702
2015-02-17 11:55,2.5,6777
2015-02-17 11:56,2.5,7360
2015-02-17 11:57,2.2,6426
2015-02-17 11:58,4.4,4492
2015-02-17 11:59,0.6,3994
2015-02-17 12:00,0.4,56962
2015-02-17 12:01,2.1,82434
2015-02-17 12:02,2.6,86129
2015-02-17 12:03,2.8,79021
2015-02-17 12:04,2.6,71738
2015-02-17 12:05,2.5,62296
2015-02-17 12:06,2.4,46184
2015-02-17 12:07,2,14172
2015-02-17 12:08,1,2524
2015-02-17 12:09,-0.7,2264
2015-02-17 12:10,-0.3,2513
2015-02-17 12:11,-1.1,2860
2015-02-17 12:12,0.4,2926
2015-02-17 12:13,1.2,2679
2015-02-17 12:14,1.9,3188
2015-02-17 12:15,1.1,3599
2015-02-17 12:16,2.6,4932
2015-02-17 12:17,3.5,5071
2015-02-17 12:18,2.5,4431
2015-02-17 12:19,2.1,5801
2015-02-17 12:20,3.5,5665
2015-02-17 12:21,2.7,5765
2015-02-17 12:22,2.8,5214
2015-02-17 12:23,2.3,6661
2015-02-17 12:24,2.2,6186
2015-02-17 12:25,1.8,7599
2015-02-17 12:26,5.2,9473
2015-02-17 12:27,11.6,9869
2015-02-17 12:28,16.3,10319
2015-02-17 12:29,22.6,11257
2015-02-17 12:30,29.4,14222
2015-02-17 12:31,41.3,14876
2015-02-17 12:32,43.3,16837
2015-02-17 12:33,45,20169
2015-02-17 12:34,45.3,22055
2015-02-17 12:35,48.9,22225
2015-02-17 12:36,47.4,20567
2015-02-17 12:37,45.1,19108
2015-02-17 12:38,44,17372
2015-02-17 12:39,46.9,16653
2015-02-17 12:40,48.5,16416
2015-02-17 12:41,47.3,14704
2015-02-17 12:42,50.2,17231
2015-02-17 12:43,53.7,19037
2015-02-17 12:44,53.3,16809
2015-02-17 12:45,54.1,15656
2015-02-17 12:46,51.6,13777
2015-02-17 12:47,50.8,14683
2015-02-17 12:48,51.3,15556
2015-02-17 12:49,47.9,14320
2015-02-17 12:50,37.6,13426
2015-02-17 12:51,34.4,12517
2015-02-17 12:52,32.4,11044
2015-02-17 12:53,29.5,9229
2015-02-17 12:54,17.8,7445
2015-02-17 12:55,12.4,6181
2015-02-17 12:56,7.2,5508
2015-02-17 12:57,3.7,4797
2015-02-17 12:58,2.3,4811
2015-02-17 12:59,2,5354
2015-02-17 13:00,2.3,5745
2015-02-17 13:01,1.9,5149
2015-02-17 13:02,0.7,4924
2015-02-17 13:03,1.1,5969
2015-02-17 13:04,0.6,6498
2015-02-17 13:05,0.9,7202
2015-02-17 13:06,1,6065
2015-02-17 13:07,1,6176
2015-02-17 13:08,1.7,6110
2015-02-17 13:09,2.6,6151
2015-02-17 13:10,1.8,5593
2015-02-17 13:11,1.8,6897
2015-02-17 13:12,2.8,8054
2015-02-17 13:13,3.3,8740
2015-02-17 13:14,3.6,10241
2015-02-17 13:15,13,11087
2015-02-17 13:16,17.3,12699
2015-02-17 13:17,20.5,13877
2015-02-17 13:18,24.3,13217
2015-02-17 13:19,26.7,13685
2015-02-17 13:20,35.8,14201
2015-02-17 13:21,37,13549
2015-02-17 13:22,41.1,13126
2015-02-17 13:23,41.1,13110
2015-02-17 13:24,47.3,14403
2015-02-17 13:25,48.8,12931
2015-02-17 13:26,47.5,12963
2015-02-17 13:27,46.3,13038
2015-02-17 13:28,46.3,13239
2015-02-17 13:29,46.6,12786
2015-02-17 13:30,46.8,11867
2015-02-17 13:31,46,11691
2015-02-17 13:32,46.4,16265
2015-02-17 13:33,50.7,22586
2015-02-17 13:34,43.7,28506
2015-02-17 13:35,44,32195
2015-02-17 13:36,45.3,28358
2015-02-17 13:37,44.5,24214
2015-02-17 13:38,46.1,19767
2015-02-17 13:39,40.6,14614
2015-02-17 13:40,33.7,10762
2015-02-17 13:41,17,5996
2015-02-17 13:42,7.5,4944
2015-02-17 13:43,5.3,4916
2015-02-17 13:44,4,4529
2015-02-17 13:45,2.6,5082
2015-02-17 13:46,2.3,3985
2015-02-17 13:47,1.2,4477
2015-02-17 13:48,1.2,4949
2015-02-17 13:49,1.8,7073
2015-02-17 13:50,3.8,8203
2015-02-17 13:51,3.5,8861
2015-02-17 13:52,3.1,7950
2015-02-17 13:53,2.7,5309
2015-02-17 13:54,0.5,4169
2015-03-03 10:06,0.9,4283
2015-03-03 10:07,0.6,9999
2015-03-03 10:08,1.3,4182
2015-03-03 10:09,0.6,5297
2015-03-03 10:10,1.2,7399
2015-03-03 10:11,-0.1,6890
2015-03-03 10:12,0.2,6843
2015-03-03 10:13,1.4,6266
2015-03-03 10:14,1.9,6932
2015-03-03 10:15,1.9,7714
2015-03-03 10:16,1.8,9552
2015-03-03 10:17,8,9018
2015-03-03 10:18,5.4,9769
2015-03-03 10:19,4.3,9935
2015-03-03 10:20,3.6,9454
2015-03-03 10:21,2.7,9583
2015-03-03 10:22,2.2,10091
2015-03-03 10:23,2,9591
2015-03-03 10:24,1.7,9084
2015-03-03 10:25,1.7,8651
2015-03-03 10:26,1.4,8582
2015-03-03 10:27,1.3,9160
2015-03-03 10:28,1.5,10889
2015-03-03 10:29,1.6,10679
2015-03-03 10:30,1.5,9684
2015-03-03 10:31,1.6,11199
2015-03-03 10:32,1.5,11986
2015-03-03 10:33,1.6,12595
2015-03-03 10:34,1.6,12649
2015-03-03 10:35,1.4,11873
2015-03-03 10:36,1.4,12537
2015-03-03 10:37,1.3,12632
2015-03-03 10:38,1.2,12738
2015-03-03 10:39,1.4,12607
2015-03-03 10:40,1.6,14202
2015-03-03 10:41,1.3,12818
2015-03-03 10:42,1.3,11655
2015-03-03 10:43,1.4,11089
2015-03-03 10:44,1.3,10635
2015-03-03 10:45,1.4,9853
2015-03-03 10:46,1.3,9075
2015-03-03 10:47,1.2,9003
2015-03-03 10:48,1.4,9279
2015-03-03 10:49,1.2,9660
2015-03-03 10:50,1,9722
2015-03-03 10:51,1.3,9884
2015-03-03 10:52,1.4,10541
2015-03-03 10:53,1.7,13815
2015-03-03 10:54,11.8,16746
2015-03-03 10:55,24.6,16521
2015-03-03 10:56,32.5,14003
2015-03-03 10:57,30.3,11129
2015-03-03 10:58,24.3,9876
2015-03-03 10:59,18,9999
2015-03-03 11:00,21.4,9999
2015-03-03 11:01,27.1,9999
2015-03-03 11:02,26.2,9999
2015-03-03 11:03,24.8,9999
2015-03-03 11:04,30.9,9999
2015-03-03 11:05,32.3,9999
2015-03-03 11:06,27.1,9999
2015-03-03 11:07,28.2,9999
2015-03-03 11:08,31.5,9999
2015-03-03 11:09,24.5,9999
2015-03-03 11:10,22.4,9999
2015-03-03 11:11,23.3,9999
2015-03-03 11:12,22,9999
2015-03-03 11:13,24.5,9999
2015-03-03 11:14,25.2,9999
2015-03-03 11:15,34.5,9999
2015-03-03 11:16,33.7,9999
2015-03-03 11:17,31.7,9999
2015-03-03 11:18,27.1,9999
2015-03-03 11:19,20.5,9999
2015-03-03 11:20,15.4,9999
2015-03-03 11:21,11.3,9999
2015-03-03 11:22,8.7,9999
2015-03-03 11:23,9.9,9999
2015-03-03 11:24,7.6,9999
2015-03-03 11:25,6.4,9999
2015-03-03 11:26,5,9999
2015-03-03 11:27,4.1,9999
2015-03-03 11:28,3.5,9999
2015-03-03 11:29,2.9,9999
2015-03-03 11:30,2.4,9999
2015-03-03 11:31,2.6,9999
2015-03-03 11:32,2.4,9999
2015-03-03 11:33,1.8,9999
2015-03-03 11:34,0.8,9999
2015-03-03 11:35,1.1,9999
2015-03-03 11:36,1.1,9999
2015-03-03 11:37,1.8,9999
2015-03-03 11:38,1.9,9999
2015-03-03 11:39,1.5,9999
2015-03-03 11:40,1.3,9999
2015-03-03 11:41,1.1,9999
2015-03-03 11:42,1,9999
2015-03-03 11:43,1,9999
2015-03-03 11:44,1,9999
2015-03-03 11:45,1,9999
2015-03-03 11:46,0.2,9999
2015-03-03 11:47,0,9999
2015-03-03 11:48,2.5,9999
2015-03-03 11:49,1.1,9999
2015-03-03 11:50,0.9,9999
2015-03-03 11:51,1,9999
2015-03-03 11:52,0.9,9999
2015-03-03 11:53,0.9,9999
2015-03-03 11:54,0.8,9999
2015-03-03 11:55,0.7,9999
2015-03-03 11:56,1.2,9999
2015-03-03 11:57,1.6,9999
2015-03-03 11:58,1.6,9999
2015-03-03 11:59,1.8,9999
2015-03-03 12:00,1.7,9999
2015-03-03 12:01,2,9999
2015-03-03 12:02,2,9999
2015-03-03 12:03,1.8,9999
2015-03-03 12:04,0.7,9999
2015-03-03 12:05,0.2,9999
2015-03-03 12:06,0.7,9999
2015-03-03 12:07,0.2,9999
2015-03-03 12:08,0.6,9999
2015-03-03 12:09,0.8,9999
2015-03-03 12:10,1.5,9999
2015-03-03 12:11,1.5,9999
2015-03-03 12:12,1.4,9999
2015-03-03 12:13,1.2,9999
2015-03-03 12:14,1.5,9999
2015-03-03 12:15,1.1,9999
2015-03-03 12:16,1.3,9999
2015-03-03 12:17,1.4,9999
2015-03-03 12:18,1.3,9999
2015-03-03 12:19,1.3,9999
2015-03-03 12:20,1.6,9999
2015-03-03 12:21,1.5,9999
2015-03-03 12:22,2,9999
2015-03-03 12:23,7.3,9999
2015-03-03 12:24,9.3,9999
2015-03-03 12:25,8.7,9999
2015-03-03 12:26,8,9999
2015-03-03 12:27,7.8,9999
2015-03-03 12:28,8.2,9999
2015-03-03 12:29,9.3,9999
2015-03-03 12:30,13,9999
2015-03-03 12:31,18.9,9999
2015-03-03 12:32,24.4,9999
2015-03-03 12:33,26.8,9999
2015-03-03 12:34,27.4,9999
2015-03-03 12:35,26.4,9999
2015-03-03 12:36,25.5,9999
2015-03-03 12:37,25.5,9999
2015-03-03 12:38,24.1,9999
2015-03-03 12:39,24.2,9999
2015-03-03 12:40,24.9,9999
2015-03-03 12:41,25.3,9999
2015-03-03 12:42,26.5,9999
2015-03-03 12:43,27.7,9999
2015-03-03 12:44,26.3,9999
2015-03-03 12:45,25.5,9999
2015-03-03 12:46,28.3,9999
2015-03-03 12:47,28.4,9999
2015-03-03 12:48,24.8,9999
2015-03-03 12:49,22.3,9999
2015-03-03 12:50,22.7,9999
2015-03-03 12:51,33.6,9999
2015-03-03 12:52,36.7,9999
2015-03-03 12:53,39.6,9999
2015-03-03 12:54,35.1,9999
2015-03-03 12:55,29.8,9999
2015-03-03 12:56,28.1,9999
2015-03-03 12:57,20.6,9999
2015-03-03 12:58,6.2,9999
2015-03-03 12:59,4.1,9999
2015-03-03 13:00,4,9999
2015-03-03 13:01,3.6,9999
2015-03-03 13:02,3.3,9999
2015-03-03 13:03,2.9,9999
2015-03-03 13:04,2.3,9999
2015-03-03 13:05,2.4,9999
2015-03-03 13:06,2.3,9999
2015-03-03 13:07,2,9999
2015-03-03 13:08,2.1,9999
2015-03-03 13:09,2.4,9999
2015-03-03 13:10,1.7,9999
2015-03-03 13:11,1.9,9999
2015-03-03 13:12,2.1,9999
2015-03-03 13:13,1.6,9999
2015-03-03 13:14,1.5,9999
2015-03-03 13:15,1.2,9999
2015-03-03 13:16,1.3,9999
2015-03-03 13:17,1.2,9999
2015-03-03 13:18,1.2,9999
2015-03-03 13:19,1,9999
2015-03-03 13:20,1.2,9999
2015-03-03 13:21,1.1,9999
2015-03-03 13:22,0.9,9999
2015-03-03 13:23,1,9999
2015-03-03 13:24,1,9999
2015-03-03 13:25,1.2,9999
2015-03-03 13:26,1,9999
2015-03-03 13:27,1,9999
2015-03-03 13:28,1.1,9999
2015-03-03 13:29,9999,9999
2015-03-17 09:24,2.2,9999
2015-03-17 09:25,2.6,9999
2015-03-17 09:26,1.3,9999
2015-03-17 09:27,3.2,9999
2015-03-17 09:28,3,24922
2015-03-17 09:29,4.3,21052
2015-03-17 09:30,5.3,20798
2015-03-17 09:31,5.3,18249
2015-03-17 09:32,5.6,16460
2015-03-17 09:33,6,15811
2015-03-17 09:34,6.4,16368
2015-03-17 09:35,6.2,17512
2015-03-17 09:36,19.6,22159
2015-03-17 09:37,6.8,24056
2015-03-17 09:38,7.3,19716
2015-03-17 09:39,9.5,20562
2015-03-17 09:40,11.1,19041
2015-03-17 09:41,9.3,18275
2015-03-17 09:42,11.7,18747
2015-03-17 09:43,7.7,18848
2015-03-17 09:44,7.8,18249
2015-03-17 09:45,8.8,17693
2015-03-17 09:46,7.9,17207
2015-03-17 09:47,10.1,15164
2015-03-17 09:48,8.1,14894
2015-03-17 09:49,9.4,13503
2015-03-17 09:50,7.1,12961
2015-03-17 09:51,7.5,12951
2015-03-17 09:52,7.1,14211
2015-03-17 09:53,13.6,14732
2015-03-17 09:54,15,16071
2015-03-17 09:55,13.9,18448
2015-03-17 09:56,16.3,21001
2015-03-17 09:57,23.4,21508
2015-03-17 09:58,27.8,20258
2015-03-17 09:59,27.2,15755
2015-03-17 10:00,23.5,14966
2015-03-17 10:01,20.3,17372
2015-03-17 10:02,20.8,18945
2015-03-17 10:03,17.7,20854
2015-03-17 10:04,13.7,20269
2015-03-17 10:05,11.3,18516
2015-03-17 10:06,9.8,18338
2015-03-17 10:07,10.5,18431
2015-03-17 10:08,16.5,17573
2015-03-17 10:09,11.2,15940
2015-03-17 10:10,11.1,17462
2015-03-17 10:11,16.8,18552
2015-03-17 10:12,28.3,20660
2015-03-17 10:13,28.2,20627
2015-03-17 10:14,19.1,20020
2015-03-17 10:15,18.6,21402
2015-03-17 10:16,20.1,19691
2015-03-17 10:17,14.4,17450
2015-03-17 10:18,19.1,15227
2015-03-17 10:19,16.3,13341
2015-03-17 10:20,11.6,11664
2015-03-17 10:21,8.1,10889
2015-03-17 10:22,8.1,10511
2015-03-17 10:23,8.1,9986
2015-03-17 10:24,7.5,11352
2015-03-17 10:25,9.8,10348
2015-03-17 10:26,6.4,9556
2015-03-17 10:27,7,9536
2015-03-17 10:28,17.7,9885
2015-03-17 10:29,9,9877
2015-03-17 10:30,6.8,10259
2015-03-17 10:31,7.2,10019
2015-03-17 10:32,7,9500
2015-03-17 10:33,7.6,11982
2015-03-17 10:34,19.9,10077
2015-03-17 10:35,7,10990
2015-03-17 10:36,7.7,10369
2015-03-17 10:37,9,9394
2015-03-17 10:38,7,11218
2015-03-17 10:39,10,11150
2015-03-17 10:40,12,11422
2015-03-17 10:41,9.1,12415
2015-03-17 10:42,8,14050
2015-03-17 10:43,14.6,14406
2015-03-17 10:44,11.7,15715
2015-03-17 10:45,14.4,17276
2015-03-17 10:46,54.2,16906
2015-03-17 10:47,61.4,17012
2015-03-17 10:48,67.1,16711
2015-03-17 10:49,67.6,16487
2015-03-17 10:50,62.9,15549
2015-03-17 10:51,52.4,14804
2015-03-17 10:52,51.2,16685
2015-03-17 10:53,54.9,15509
2015-03-17 10:54,48.5,16577
2015-03-17 10:55,55.1,18709
2015-03-17 10:56,52.2,20950
2015-03-17 10:57,60,22662
2015-03-17 10:58,63.2,21712
2015-03-17 10:59,59.4,21490
2015-03-17 11:00,58.2,21653
2015-03-17 11:01,56.5,19610
2015-03-17 11:02,56.2,18381
2015-03-17 11:03,52.5,18945
2015-03-17 11:04,50.9,18598
2015-03-17 11:05,47.1,17615
2015-03-17 11:06,40.8,17094
2015-03-17 11:07,34.5,15524
2015-03-17 11:08,52.2,15867
2015-03-17 11:09,55.9,15152
2015-03-17 11:10,55.8,14305
2015-03-17 11:11,55.2,13755
2015-03-17 11:12,51.8,13579
2015-03-17 11:13,49,14489
2015-03-17 11:14,54.8,14904
2015-03-17 11:15,52,15351
2015-03-17 11:16,48.8,13845
2015-03-17 11:17,44.3,16308
2015-03-17 11:18,91.5,13959
2015-03-17 11:19,69.8,13371
2015-03-17 11:20,60.3,13936
2015-03-17 11:21,59,14817
2015-03-17 11:22,63.7,13977
2015-03-17 11:23,60.4,14077
2015-03-17 11:24,57.7,13046
2015-03-17 11:25,52.7,12367
2015-03-17 11:26,43.4,10100
2015-03-17 11:27,39.7,6722
2015-03-17 11:28,8.8,7706
2015-03-17 11:29,7.7,6197
2015-03-17 11:30,5.3,5928
2015-03-17 11:31,5,6074
2015-03-17 11:32,6.6,5950
2015-03-17 11:33,9.4,6941
2015-03-17 11:34,11,5999
2015-03-17 11:35,6.4,5911
2015-03-17 11:36,6.3,5494
2015-03-17 11:37,6.3,5641
2015-03-17 11:38,7.2,5189
2015-03-17 11:39,3.5,4764
2015-03-17 11:40,0.8,4371
2015-03-17 11:41,3.9,4096
2015-03-17 11:42,3,3935
2015-03-17 11:43,3.1,3908
2015-03-17 11:44,3.2,4389
2015-03-17 11:45,3.7,4979
2015-03-17 11:46,5.1,4417
2015-03-17 11:47,4.1,4889
2015-03-17 11:48,11.1,5062
2015-03-17 11:49,7.9,5490
2015-03-17 11:50,14.8,5619
2015-03-17 11:51,17.2,4955
2015-03-17 11:52,13,5513
2015-03-17 11:53,11.7,5807
2015-03-17 11:54,11.5,6588
2015-03-17 11:55,7,6482
2015-03-17 11:56,5.9,6881
2015-03-17 11:57,5.6,7335
2015-03-17 11:58,5.1,7342
2015-03-17 11:59,5.4,8340
2015-03-17 12:00,4.5,8870
2015-03-17 12:01,14.9,9529
2015-03-17 12:02,30.8,10325
2015-03-17 12:03,43.1,12326
2015-03-17 12:04,47.3,13748
2015-03-17 12:05,48.5,13311
2015-03-17 12:06,51.1,13480
2015-03-17 12:07,64.6,13901
2015-03-17 12:08,61.8,12867
2015-03-17 12:09,60.2,13283
2015-03-17 12:10,53.3,14674
2015-03-17 12:11,41.9,16184
2015-03-17 12:12,37.8,16820
2015-03-17 12:13,41.9,15325
2015-03-17 12:14,45.5,12707
2015-03-17 12:15,36.9,12180
2015-03-17 12:16,42,12059
2015-03-17 12:17,47.2,11795
2015-03-17 12:18,50.7,13307
2015-03-17 12:19,54.1,13170
2015-03-17 12:20,53,13225
2015-03-17 12:21,36.4,14269
2015-03-17 12:22,39.4,15773
2015-03-17 12:23,43.2,16143
2015-03-17 12:24,44.5,14718
2015-03-17 12:25,47.5,16648
2015-03-17 12:26,48.1,16682
2015-03-17 12:27,48.3,17979
2015-03-17 12:28,52.5,19696
2015-03-17 12:29,56.9,21322
2015-03-17 12:30,55.2,19637
2015-03-17 12:31,49.9,18779
2015-03-17 12:32,51,18274
2015-03-17 12:33,55.7,16868
2015-03-17 12:34,48.2,15201
2015-03-17 12:35,49.1,14162
2015-03-17 12:36,50.3,14541
2015-03-17 12:37,55.5,14341
2015-03-17 12:38,54.7,14386
2015-03-17 12:39,52,15937
2015-03-17 12:40,63.7,15433
2015-03-17 12:41,53.8,12646
2015-03-17 12:42,37.2,15234
2015-03-17 12:43,20.7,15968
2015-03-17 12:44,16.3,15079
2015-03-17 12:45,14.4,14476
2015-03-17 12:46,10.4,14005
2015-03-17 12:47,9.2,11581
2015-03-17 12:48,8,10917
2015-03-17 12:49,7.3,11005
2015-03-17 12:50,11.2,12478
2015-03-17 12:51,7.2,9999
2015-03-17 12:52,5.8,9999
2015-04-01 10:15,28.3,9999
2015-04-01 10:16,22.1,9999
2015-04-01 10:17,21.9,16713
2015-04-01 10:18,18,16968
2015-04-01 10:19,17,14698
2015-04-01 10:20,17.5,13430
2015-04-01 10:21,16.5,12827
2015-04-01 10:22,14.5,11106
2015-04-01 10:23,9.9,9783
2015-04-01 10:24,7.5,8405
2015-04-01 10:25,4.9,7806
2015-04-01 10:26,3,7706
2015-04-01 10:27,2.2,8244
2015-04-01 10:28,1.8,7387
2015-04-01 10:29,1.7,7758
2015-04-01 10:30,1.6,7779
2015-04-01 10:31,1.3,7818
2015-04-01 10:32,1.2,6859
2015-04-01 10:33,1.1,6739
2015-04-01 10:34,0.9,6042
2015-04-01 10:35,0.7,5391
2015-04-01 10:36,1.7,5889
2015-04-01 10:37,1,5685
2015-04-01 10:38,1.5,5758
2015-04-01 10:39,8.4,7384
2015-04-01 10:40,11.5,6705
2015-04-01 10:41,8.3,5565
2015-04-01 10:42,5.6,4956
2015-04-01 10:43,4.5,5112
2015-04-01 10:44,3.3,4471
2015-04-01 10:45,3,3976
2015-04-01 10:46,1.7,3936
2015-04-01 10:47,0.5,4350
2015-04-01 10:48,0.7,3678
2015-04-01 10:49,0.8,4226
2015-04-01 10:50,0.5,4554
2015-04-01 10:51,1.8,4965
2015-04-01 10:52,2.1,4121
2015-04-01 10:53,1.9,3473
2015-04-01 10:54,1.7,3686
2015-04-01 10:55,1.4,4133
2015-04-01 10:56,1.6,7515
2015-04-01 10:57,1.9,8290
2015-04-01 10:58,1.6,7057
2015-04-01 10:59,1.4,7465
2015-04-01 11:00,2.3,7048
2015-04-01 11:01,5.8,6071
2015-04-01 11:02,6.5,5328
2015-04-01 11:03,2.5,4928
2015-04-01 11:04,2.4,5346
2015-04-01 11:05,2.4,5432
2015-04-01 11:06,2.1,5442
2015-04-01 11:07,2.3,25452
2015-04-01 11:08,2.6,17669
2015-04-01 11:09,2.1,12904
2015-04-01 11:10,1.1,8748
2015-04-01 11:11,1.2,7940
2015-04-01 11:12,1.1,7020
2015-04-01 11:13,1.1,6691
2015-04-01 11:14,1.1,7016
2015-04-01 11:15,1.3,6541
2015-04-01 11:16,1.3,6318
2015-04-01 11:17,1.1,7557
2015-04-01 11:18,2.2,10898
2015-04-01 11:19,7.5,11190
2015-04-01 11:20,16.6,12837
2015-04-01 11:21,24.6,12743
2015-04-01 11:22,17.6,10764
2015-04-01 11:23,13.7,9088
2015-04-01 11:24,17.4,11204
2015-04-01 11:25,17.6,10305
2015-04-01 11:26,17.5,9507
2015-04-01 11:27,11.7,6897
2015-04-01 11:28,4.5,6031
2015-04-01 11:29,0.8,6799
2015-04-01 11:30,1,8006
2015-04-01 11:31,1.2,8196
2015-04-01 11:32,1.3,9033
2015-04-01 11:33,1.5,9698
2015-04-01 11:34,1.3,8628
2015-04-01 11:35,1.8,8432
2015-04-01 11:36,1.9,10537
2015-04-01 11:37,2.1,13366
2015-04-01 11:38,2.1,17258
2015-04-01 11:39,2.5,14259
2015-04-01 11:40,2.9,12053
2015-04-01 11:41,2.4,10721
2015-04-01 11:42,2.2,9753
2015-04-01 11:43,2.1,8347
2015-04-01 11:44,2.1,8500
2015-04-01 11:45,2.1,8345
2015-04-01 11:46,1.9,7417
2015-04-01 11:47,1.7,7343
2015-04-01 11:48,1.4,6252
2015-04-01 11:49,1.4,5582
2015-04-01 11:50,1.5,5089
2015-04-01 11:51,1.4,4227
2015-04-01 11:52,1.1,4174
2015-04-01 11:53,1.3,4484
2015-04-01 11:54,1,4629
2015-04-01 11:55,1.2,4913
2015-04-01 11:56,2,5468
2015-04-01 11:57,0.4,4643
2015-04-01 11:58,1.7,4844
2015-04-01 11:59,0.8,4173
2015-04-01 12:00,0.8,3769
2015-04-01 12:01,1,4470
2015-04-01 12:02,1.2,4210
2015-04-01 12:03,1.2,4556
2015-04-01 12:04,1.2,3725
2015-04-01 12:05,1.1,3981
2015-04-01 12:06,1.2,3660
2015-04-01 12:07,1.1,4710
2015-04-01 12:08,0.9,5114
2015-04-01 12:09,1,5348
2015-04-01 12:10,1.1,4831
2015-04-01 12:11,1.2,6490
2015-04-01 12:12,1.6,6771
2015-04-01 12:13,1.7,7080
2015-04-01 12:14,1.2,5080
2015-04-01 12:15,0.6,6005
2015-04-01 12:16,1.4,4770
2015-04-01 12:17,0.7,5104
2015-04-01 12:18,1,5012
2015-04-01 12:19,1.6,4484
2015-04-01 12:20,0.8,4000
2015-04-01 12:21,0.8,3582
2015-04-01 12:22,0.9,4677
2015-04-01 12:23,1.4,4823
2015-04-01 12:24,1.9,4950
2015-04-01 12:25,1.2,4454
2015-04-01 12:26,1.8,4649
2015-04-01 12:27,1.8,5011
2015-04-01 12:28,1.5,4878
2015-04-01 12:29,1.4,4963
2015-04-01 12:30,1.2,3896
2015-04-01 12:31,9999,5792
2015-04-01 13:22,1.8,7243
2015-04-01 13:23,1.6,6733
2015-04-01 13:24,1.8,6914
2015-04-01 13:25,1.2,5347
2015-04-01 13:26,1.1,5309
2015-04-01 13:27,1,5876
2015-04-01 13:28,1.1,5296
2015-04-01 13:29,1,4624
2015-04-01 13:30,1,4748
2015-04-01 13:31,1.1,6634
2015-04-01 13:32,1.3,7497
2015-04-01 13:33,1.8,7748
2015-04-01 13:34,2.1,6891
2015-04-01 13:35,2.1,7731
2015-04-01 13:36,1.9,7222
2015-04-01 13:37,1.9,6551
2015-04-01 13:38,2,6823
2015-04-01 13:39,1.9,6393
2015-04-01 13:40,2.1,6571
2015-04-01 13:41,1.6,6051
2015-04-01 13:42,2,6233
2015-04-01 13:43,2.9,6298
2015-04-01 13:44,3.5,6372
2015-04-01 13:45,3.2,5695
2015-04-01 13:46,2.7,4985
2015-04-01 13:47,2.2,5233
2015-04-01 13:48,3.3,8031
2015-04-01 13:49,6.3,7801
2015-04-01 13:50,5.8,6317
2015-04-01 13:51,4.8,6955
2015-04-01 13:52,4.1,6550
2015-04-01 13:53,6,6578
2015-04-01 13:54,7.9,7667
2015-04-01 13:55,6,9722
2015-04-01 13:56,5.1,13257
2015-04-01 13:57,4.3,17469
2015-04-01 13:58,3.6,17820
2015-04-01 13:59,3.2,16231
2015-04-01 14:00,2.7,15243
2015-04-01 14:01,2.4,13292
2015-04-01 14:02,2.3,13125
2015-04-01 14:03,2,12950
2015-04-01 14:04,1.9,11103
2015-04-01 14:05,1.8,10774
2015-04-01 14:06,1.8,9746
2015-04-01 14:07,1.6,12806
2015-04-01 14:08,1.5,7329
2015-04-01 14:09,1,7719
2015-04-01 14:10,1.9,11089
2015-04-01 14:11,1.9,8497
2015-04-01 14:12,1.6,7448
2015-04-01 14:13,1.3,7396
2015-04-01 14:14,1.4,6851
2015-04-01 14:15,1.2,6163
2015-04-01 14:16,1.2,6407
2015-04-01 14:17,1.1,7029
2015-04-01 14:18,1.1,6225
2015-04-01 14:19,1.2,5624
2015-04-01 14:20,1.2,5728
2015-04-01 14:21,1.1,6144
2015-04-01 14:22,1.6,5947
2015-04-01 14:23,0.4,4860
2015-04-01 14:24,0.9,5331
2015-04-01 14:25,1.1,4856
2015-04-01 14:26,0.8,5467
2015-04-01 14:27,1,6247
2015-04-01 14:28,0.8,5770
2015-04-01 14:29,0.8,5252
2015-04-01 14:30,0.8,5401
2015-04-01 14:31,0.8,5780
2015-04-01 14:32,1,5531
2015-04-01 14:33,0.8,5771
2015-04-01 14:34,1.4,9999
2015-04-01 14:35,1.9,9999
2015-04-09 08:16,2.6,9999
2015-04-09 08:17,3,9999
2015-04-09 08:18,3.3,16224
2015-04-09 08:19,3.7,14961
2015-04-09 08:20,3.5,14170
2015-04-09 08:21,3,12880
2015-04-09 08:22,2.9,11218
2015-04-09 08:23,2.6,10047
2015-04-09 08:24,2.6,9378
2015-04-09 08:25,2.6,8867
2015-04-09 08:26,3,9065
2015-04-09 08:27,3.1,10613
2015-04-09 08:28,2.8,10052
2015-04-09 08:29,3,9308
2015-04-09 08:30,3,7947
2015-04-09 08:31,2.7,8008
2015-04-09 08:32,2.8,7256
2015-04-09 08:33,2.6,7070
2015-04-09 08:34,2.4,6640
2015-04-09 08:35,2.8,6710
2015-04-09 08:36,2.6,6249
2015-04-09 08:37,3.2,7999
2015-04-09 08:38,2.9,8190
2015-04-09 08:39,2.7,8527
2015-04-09 08:40,2.7,8288
2015-04-09 08:41,2.6,7288
2015-04-09 08:42,2.5,7044
2015-04-09 08:43,2.8,7946
2015-04-09 08:44,2.8,9166
2015-04-09 08:45,3.2,9691
2015-04-09 08:46,2.7,9398
2015-04-09 08:47,2.7,9449
2015-04-09 08:48,3.2,9385
2015-04-09 08:49,3,9171
2015-04-09 08:50,2.9,9154
2015-04-09 08:51,3,8656
2015-04-09 08:52,3.2,9139
2015-04-09 08:53,3.2,9780
2015-04-09 08:54,3.1,9208
2015-04-09 08:55,2.9,8477
2015-04-09 08:56,2.8,8240
2015-04-09 08:57,2.8,7928
2015-04-09 08:58,2.9,7178
2015-04-09 08:59,2.8,6745
2015-04-09 09:00,2.8,6598
2015-04-09 09:01,2.8,6469
2015-04-09 09:02,2.7,6163
2015-04-09 09:03,2.7,6477
2015-04-09 09:04,2.8,6277
2015-04-09 09:05,2.8,5963
2015-04-09 09:06,2.8,6166
2015-04-09 09:07,2.9,5873
2015-04-09 09:08,2.7,6579
2015-04-09 09:09,2.4,6323
2015-04-09 09:10,1.4,6475
2015-04-09 09:11,2.5,6423
2015-04-09 09:12,3.2,7520
2015-04-09 09:13,4.6,7580
2015-04-09 09:14,5.5,9654
2015-04-09 09:15,4.6,8248
2015-04-09 09:16,4.2,8333
2015-04-09 09:17,4.1,9351
2015-04-09 09:18,4,9041
2015-04-09 09:19,3.4,8045
2015-04-09 09:20,3.3,7223
2015-04-09 09:21,3,6608
2015-04-09 09:22,3,6414
2015-04-09 09:23,3,6271
2015-04-09 09:24,3.3,6741
2015-04-09 09:25,2.9,5979
2015-04-09 09:26,2.6,5714
2015-04-09 09:27,3,5484
2015-04-09 09:28,2.8,5266
2015-04-09 09:29,2.7,5186
2015-04-09 09:30,2.5,5150
2015-04-09 09:31,2.5,5806
2015-04-09 09:32,2.5,5653
2015-04-09 09:33,2.4,6048
2015-04-09 09:34,3.1,6604
2015-04-09 09:35,2.8,6038
2015-04-09 09:36,2.8,5429
2015-04-09 09:37,3.2,5740
2015-04-09 09:38,3.1,6191
2015-04-09 09:39,3,6101
2015-04-09 09:40,2.9,5538
2015-04-09 09:41,2.5,5127
2015-04-09 09:42,2.7,4962
2015-04-09 09:43,2.6,4683
2015-04-09 09:44,2.5,4187
2015-04-09 09:45,2.6,3899
2015-04-09 09:46,2.3,4275
2015-04-09 09:47,2.4,4392
2015-04-09 09:48,2.1,4130
2015-04-09 09:49,2,4154
2015-04-09 09:50,2.2,4013
2015-04-09 09:51,2.5,4871
2015-04-09 09:52,2.9,5616
2015-04-09 09:53,3.4,4717
2015-04-09 09:54,3.1,4756
2015-04-09 09:55,3,5125
2015-04-09 09:56,2.7,5290
2015-04-09 09:57,2.9,4719
2015-04-09 09:58,2.8,4905
2015-04-09 09:59,2.7,4905
2015-04-09 10:00,2.5,4445
2015-04-09 10:01,3,4736
2015-04-09 10:02,2.4,4831
2015-04-09 10:03,2.5,4644
2015-04-09 10:04,2.3,4481
2015-04-09 10:05,2.1,4435
2015-04-09 10:06,2.1,4049
2015-04-09 10:07,2.1,3905
2015-04-09 10:08,2,4609
2015-04-09 10:09,2.8,5624
2015-04-09 10:10,2.4,5774
2015-04-09 10:11,2.5,5301
2015-04-09 10:12,2.7,5377
2015-04-09 10:13,2.8,5129
2015-04-09 10:14,3.2,4912
2015-04-09 10:15,3.9,4644
2015-04-09 10:16,3.2,4961
2015-04-09 10:17,3.1,5172
2015-04-09 10:18,3.7,5362
2015-04-09 10:19,3.9,4552
2015-04-09 10:20,3.6,5006
2015-04-09 10:21,3.4,4699
2015-04-09 10:22,2.1,6315
2015-04-09 10:23,2.6,8323
2015-04-09 10:24,3.1,9201
2015-04-09 10:25,3.3,9855
2015-04-09 10:26,2.9,7569
2015-04-09 10:27,5,9747
2015-04-09 10:28,6.4,13600
2015-04-09 10:29,5.7,12869
2015-04-09 10:30,7.1,16054
2015-04-09 10:31,5.9,15409
2015-04-09 10:32,2.8,11279
2015-04-09 10:33,3.1,12581
2015-04-09 10:34,3.2,10709
2015-04-09 10:35,3.1,9376
2015-04-09 10:36,3.1,8124
2015-04-09 10:37,3.2,6835
2015-04-09 10:38,2.6,5853
2015-04-09 10:39,2.7,5069
2015-04-09 10:40,2.6,4686
2015-04-09 10:41,3.3,5630
2015-04-09 10:42,2.7,6048
2015-04-09 10:43,2.8,6243
2015-04-09 10:44,3.3,6171
2015-04-09 10:45,3.4,7532
2015-04-09 10:46,3.4,7092
2015-04-09 10:47,2.8,7662
2015-04-09 10:48,2.7,7778
2015-04-09 10:49,1.9,8128
2015-04-09 10:50,2.8,6968
2015-04-09 10:51,2.7,6006
2015-04-09 10:52,2.9,6322
2015-04-09 10:53,3.1,6316
2015-04-09 10:54,3,6768
2015-04-09 10:55,3.2,6862
2015-04-09 10:56,3.3,7290
2015-04-09 10:57,2.9,7024
2015-04-09 10:58,3,7389
2015-04-09 10:59,2,7491
2015-04-09 11:00,2.2,7439
2015-04-09 11:01,2.8,6744
2015-04-09 11:02,2.7,6830
2015-04-09 11:03,2.6,6104
2015-04-09 11:04,2.7,6220
2015-04-09 11:05,2.7,6637
2015-04-09 11:06,2.6,6907
2015-04-09 11:07,3.4,7105
2015-04-09 11:08,3.1,7583
2015-04-09 11:09,3.4,7665
2015-04-09 11:10,2.5,6915
2015-04-09 11:11,2.6,6373
2015-04-09 11:12,2.6,6097
2015-04-09 11:13,2.5,5503
2015-04-09 11:14,2.6,4869
2015-04-09 11:15,2.9,4643
2015-04-09 11:16,2.6,4493
2015-04-09 11:17,3.1,4935
2015-04-09 11:18,2.8,5665
2015-04-09 11:19,3,6520
2015-04-09 11:20,3.2,6849
2015-04-09 11:21,3,6653
2015-04-09 11:22,3.2,6383
2015-04-09 11:23,3.2,5815
2015-04-09 11:24,2.9,5599
2015-04-09 11:25,3.4,6228
2015-04-09 11:26,3.3,6507
2015-04-09 11:27,3.2,6066
2015-04-09 11:28,3.5,6613
2015-04-09 11:29,3.3,6243
2015-04-09 11:30,2.5,6388
2015-04-09 11:31,3.3,6539
2015-04-09 11:32,3.1,6506
2015-04-09 11:33,3.2,8880
2015-04-09 11:34,3.1,9095
2015-04-09 11:35,3.9,8784
2015-04-09 11:36,3.7,8898
2015-04-09 11:37,3.6,7495
2015-04-09 11:38,3.6,6663
2015-04-09 11:39,3.5,6278
2015-04-09 11:40,3.3,5877
2015-04-09 11:41,3.2,6140
2015-04-09 11:42,3.3,6151
2015-04-09 11:43,5,8379
2015-04-09 11:44,5.7,7674
2015-04-09 11:45,7.1,7966
2015-04-09 11:46,12.6,11140
2015-04-09 11:47,16.9,13239
2015-04-09 11:48,13.7,12243
2015-04-09 11:49,11.8,12119
2015-04-09 11:50,13.1,13621
2015-04-09 11:51,15.3,14630
2015-04-09 11:52,16.2,13769
2015-04-09 11:53,18.6,12927
2015-04-09 11:54,20.7,14123
2015-04-09 11:55,21.5,15119
2015-04-09 11:56,17.8,14357
2015-04-09 11:57,14.9,12461
2015-04-09 11:58,13.5,11118
2015-04-09 11:59,10.7,10632
2015-04-09 12:00,8.7,11107
2015-04-09 12:01,9.7,11222
2015-04-09 12:02,13.2,12263
2015-04-09 12:03,15.1,12362
2015-04-09 12:04,12.4,12946
2015-04-09 12:05,10.7,12399
2015-04-09 12:06,8.6,13781
2015-04-09 12:07,6.2,16792
2015-04-09 12:08,5.8,14403
2015-04-09 12:09,6.8,12403
2015-04-09 12:10,6.5,11819
2015-04-09 12:11,6.4,11847
2015-04-09 12:12,6.9,11329
2015-04-09 12:13,7.4,12099
2015-04-09 12:14,7.4,13264
2015-04-09 12:15,7.7,13661
2015-04-09 12:16,9.7,12543
2015-04-09 12:17,8.7,11256
2015-04-09 12:18,7.4,11215
2015-04-09 12:19,6.4,11129
2015-04-09 12:20,7,10914
2015-04-09 12:21,6.7,10077
2015-04-09 12:22,8.1,9437
2015-04-09 12:23,11.3,10733
2015-04-09 12:24,17.7,12010
2015-04-09 12:25,19.7,11896
2015-04-09 12:26,19.6,10962
2015-04-09 12:27,19.1,12061
2015-04-09 12:28,18,12761
2015-04-09 12:29,19.3,13684
2015-04-09 12:30,17.9,14087
2015-04-09 12:31,19.8,13992
2015-04-22 09:39,1.2,9999
2015-04-22 09:40,1.3,9095
2015-04-22 09:41,3.6,8694
2015-04-22 09:42,1.1,8384
2015-04-22 09:43,1.3,7468
2015-04-22 09:44,6.6,7653
2015-04-22 09:45,22.1,8773
2015-04-22 09:46,2.2,12473
2015-04-22 09:47,2.3,10753
2015-04-22 09:48,2.2,9358
2015-04-22 09:49,2,9055
2015-04-22 09:50,2,9431
2015-04-22 09:51,1.9,9733
2015-04-22 09:52,1,10119
2015-04-22 09:53,1.3,7851
2015-04-22 09:54,3.4,8965
2015-04-22 09:55,3.2,8434
2015-04-22 09:56,4,8074
2015-04-22 09:57,6.8,9533
2015-04-22 09:58,19,11959
2015-04-22 09:59,40,18192
2015-04-22 10:00,54.8,21266
2015-04-22 10:01,37.5,18849
2015-04-22 10:02,45,19392
2015-04-22 10:03,54,26921
2015-04-22 10:04,54.3,25307
2015-04-22 10:05,67.2,24932
2015-04-22 10:06,72.2,29606
2015-04-22 10:07,74.8,32561
2015-04-22 10:08,76.1,35371
2015-04-22 10:09,72.4,32561
2015-04-22 10:10,72.8,31167
2015-04-22 10:11,72.9,30010
2015-04-22 10:12,55.2,26653
2015-04-22 10:13,53.4,25456
2015-04-22 10:14,59,26818
2015-04-22 10:15,56.5,25255
2015-04-22 10:16,51.3,22706
2015-04-22 10:17,64.5,25117
2015-04-22 10:18,56.8,25306
2015-04-22 10:19,32.8,19961
2015-04-22 10:20,28.7,20559
2015-04-22 10:21,41.6,25392
2015-04-22 10:22,30.2,16643
2015-04-22 10:23,37.8,15535
2015-04-22 10:24,44.1,16350
2015-04-22 10:25,40.9,15429
2015-04-22 10:26,44.8,14497
2015-04-22 10:27,19.7,9564
2015-04-22 10:28,10.6,6971
2015-04-22 10:29,10.4,6657
2015-04-22 10:30,5.9,5218
2015-04-22 10:31,3.6,4577
2015-04-22 10:32,3.6,5297
2015-04-22 10:33,2.1,5682
2015-04-22 10:34,7.1,5973
2015-04-22 10:35,18.4,8319
2015-04-22 10:36,22.2,9605
2015-04-22 10:37,21.3,9037
2015-04-22 10:38,15.6,7909
2015-04-22 10:39,19.3,8535
2015-04-22 10:40,18.9,10317
2015-04-22 10:41,20.2,10288
2015-04-22 10:42,9.8,7463
2015-04-22 10:43,4.6,5108
2015-04-22 10:44,3.6,4859
2015-04-22 10:45,3,3986
2015-04-22 10:46,2.6,3439
2015-04-22 10:47,2,4794
2015-04-22 10:48,2.5,4569
2015-04-22 10:49,1.4,4328
2015-04-22 10:50,2.1,3922
2015-04-22 10:51,1.1,3653
2015-04-22 10:52,0.9,3481
2015-04-22 10:53,0.9,3496
2015-04-22 10:54,1,3158
2015-04-22 10:55,0.9,3199
2015-04-22 10:56,1.9,3691
2015-04-22 10:57,2,3647
2015-04-22 10:58,2.7,3243
2015-04-22 10:59,2,3248
2015-04-22 11:00,2,3335
2015-04-22 11:01,2.9,3797
2015-04-22 11:02,3.7,3941
2015-04-22 11:03,8.9,4385
2015-04-22 11:04,21.2,6062
2015-04-22 11:05,16.1,7222
2015-04-22 11:06,18,7409
2015-04-22 11:07,14.6,6928
2015-04-22 11:08,18.2,6216
2015-04-22 11:09,22.9,7417
2015-04-22 11:10,22.1,8011
2015-04-22 11:11,10.9,6229
2015-04-22 11:12,5.7,5446
2015-04-22 11:13,4.8,4993
2015-04-22 11:14,4,4623
2015-04-22 11:15,2.9,4269
2015-04-22 11:16,1.5,3828
2015-04-22 11:17,9.1,4026
2015-04-22 11:18,11.2,4818
2015-04-22 11:19,3.6,4741
2015-04-22 11:20,11.3,4993
2015-04-22 11:21,42.8,9870
2015-04-22 11:22,45.2,11618
2015-04-22 11:23,54.3,13519
2015-04-22 11:24,51.7,14601
2015-04-22 11:25,48.1,14016
2015-04-22 11:26,42.8,16091
2015-04-22 11:27,37.3,18632
2015-04-22 11:28,29.1,17121
2015-04-22 11:29,34.9,18568
2015-04-22 11:30,41.9,18725
2015-04-22 11:31,45,18428
2015-04-22 11:32,52,18621
2015-04-22 11:33,50.8,17910
2015-04-22 11:34,47.8,17918
2015-04-22 11:35,50.2,19743
2015-04-22 11:36,58.1,22315
2015-04-22 11:37,67.1,21706
2015-04-22 11:38,70,23066
2015-04-22 11:39,64.7,23273
2015-04-22 11:40,69.7,25192
2015-04-22 11:41,76.3,28381
2015-04-22 11:42,73.2,28442
2015-04-22 11:43,66.5,26858
2015-04-22 11:44,81.3,24574
2015-04-22 11:45,72.2,22357
2015-04-22 11:46,68.2,22451
2015-04-22 11:47,65.3,22176
2015-04-22 11:48,57.4,19858
2015-04-22 11:49,34.2,14367
2015-04-22 11:50,26.8,12933
2015-04-22 11:51,19.1,10267
2015-04-22 11:52,5.8,7229
2015-04-22 11:53,5.4,7537
2015-04-22 11:54,3.8,6952
2015-04-22 11:55,3.3,5885
2015-04-22 11:56,3.2,5803
2015-04-22 11:57,2.8,6214
2015-04-22 11:58,3.2,6056
2015-04-22 11:59,2.5,5105
2015-04-22 12:00,2.4,4417
2015-04-22 12:01,2.2,4728
2015-04-22 12:02,2.8,4248
2015-04-22 12:03,1.5,4865
2015-04-22 12:04,0.9,5262
2015-04-22 12:05,2.7,5677
2015-04-22 12:06,1.5,18293
2015-04-22 12:07,1.7,22498
2015-04-22 12:08,1.3,8653
2015-04-22 12:09,2.2,5812
2015-04-22 12:10,2.8,6033
2015-04-22 12:11,3.1,4804
2015-04-22 12:12,2.8,4991
2015-04-22 12:13,2.7,5823
2015-04-22 12:14,2.4,5419
2015-04-22 12:15,2.4,5464
2015-04-22 12:16,2.3,4656
2015-04-22 12:17,2.9,4880
2015-04-22 12:18,4.1,6545
2015-04-22 12:19,3.1,6740
2015-04-22 12:20,57.2,8183
2015-04-22 12:21,1.6,6386
2015-04-22 12:22,2.1,5359
2015-04-22 12:23,2.4,4621
2015-04-22 12:24,15.9,4724
2015-04-22 12:25,4.2,5129
2015-04-22 12:26,4.2,5130
2015-04-22 12:27,3,4686
2015-04-22 12:28,2.4,4553
2015-04-22 12:29,2.3,4926
2015-04-22 12:30,2.6,4577
2015-04-22 12:31,2.3,4549
2015-04-22 12:32,3.4,5463
2015-04-22 12:33,9.3,6942
2015-04-22 12:34,4.7,5341
2015-04-22 12:35,5.8,6041
2015-04-22 12:36,7.7,7882
2015-04-22 12:37,8.2,6445
2015-04-22 12:38,9.7,6567
2015-04-22 12:39,9.6,8320
2015-04-22 12:40,9,8095
2015-04-22 12:41,9.4,7805
2015-04-22 12:42,10.7,8443
2015-04-22 12:43,9,8484
2015-04-22 12:44,7.1,7947
2015-04-22 12:45,2.9,5491
2015-04-22 12:46,5.6,7317
2015-04-22 12:47,4.1,6979
2015-04-22 12:48,6,12042
2015-04-22 12:49,7.2,12919
2015-04-22 12:50,6.7,11707
2015-04-22 12:51,7.2,10895
2015-04-22 12:52,4,6795
2015-04-22 12:53,1.8,4695
2015-04-22 12:54,1.5,4340
2015-04-22 12:55,4.8,6130
2015-04-22 12:56,1.4,4746
2015-04-22 12:57,0.5,4171
2015-04-22 12:58,1.2,3378
2015-04-22 12:59,2.6,3513
2015-04-22 13:00,3.7,3341
2015-04-22 13:01,2.6,3210
2015-04-22 13:02,3,3409
2015-04-22 13:03,3,3458
2015-04-22 13:04,3,3088
2015-04-22 13:05,2.1,3236
2015-04-22 13:06,1.5,2931
2015-04-22 13:07,2.3,3332
2015-04-22 13:08,3.1,5058
2015-04-22 13:09,3.1,4205
2015-04-22 13:10,2.7,4098
2015-04-22 13:11,2.7,3874
2015-04-22 13:12,3.3,4763
2015-04-22 13:13,3.6,5474
2015-04-22 13:14,3.2,5115
2015-04-22 13:15,2.9,5066
2015-04-22 13:16,3.2,6088
2015-04-22 13:17,2.8,5538
2015-04-22 13:18,2.8,4283
2015-04-22 13:19,2.5,4221
2015-04-22 13:20,3,5082
2015-04-22 13:21,4.4,7304
2015-04-22 13:22,4.2,7292
2015-04-22 13:23,4.9,11321
2015-04-22 13:24,3.9,11212
2015-04-22 13:25,3.5,8688
2015-04-22 13:26,4,7893
2015-04-22 13:27,7.1,7390
2015-04-22 13:28,11.7,8529
2015-04-22 13:29,29.9,12264
2015-04-22 13:30,47.6,17721
2015-04-22 13:31,49.8,18152
2015-04-22 13:32,42,16327
2015-04-22 13:33,48.6,20756
2015-04-22 13:34,62.2,25686
2015-04-22 13:35,67.2,27904
2015-04-22 13:36,67.4,28688
2015-04-22 13:37,84.2,36786
